timeOpen,timeClose,timeHigh,timeLow,name,open,high,low,close,volume,marketCap,circulatingSupply,timestamp
2025-01-01 00:00:00+00:00,2025-01-01 23:59:59.999000+00:00,2025-01-01 21:25:00+00:00,2025-01-01 09:28:00+00:00,2781,93425.10214,94929.86481,92788.12788,94419.75751,24519888919,1.86985E+12,19804318,2025-01-01 23:59:59.999000+00:00
2025-01-02 00:00:00+00:00,2025-01-02 23:59:59.999000+00:00,2025-01-02 20:25:00+00:00,2025-01-02 00:19:00+00:00,2781,94416.28655,97739.81684,94201.57042,96886.87827,46009564411,1.91873E+12,19804871,2025-01-02 23:59:59.999000+00:00
2025-01-03 00:00:00+00:00,2025-01-03 23:59:59.999000+00:00,2025-01-03 19:22:00+00:00,2025-01-03 08:37:00+00:00,2781,96881.72902,98956.91704,96034.61406,98107.42876,35611391163,1.94322E+12,19805312,2025-01-03 23:59:59.999000+00:00
2025-01-04 00:00:00+00:00,2025-01-04 23:59:59.999000+00:00,2025-01-04 21:06:00+00:00,2025-01-04 15:51:00+00:00,2781,98106.99355,98734.42818,97562.97597,98236.22909,22342608078,1.94565E+12,19805771,2025-01-04 23:59:59.999000+00:00
2025-01-05 00:00:00+00:00,2025-01-05 23:59:59.999000+00:00,2025-01-05 23:03:00+00:00,2025-01-05 14:21:00+00:00,2781,98233.90578,98813.30855,97291.76461,98314.95944,20525254825,1.94719E+12,19806271,2025-01-05 23:59:59.999000+00:00
2025-01-06 00:00:00+00:00,2025-01-06 23:59:59.999000+00:00,2025-01-06 16:30:00+00:00,2025-01-06 01:22:00+00:00,2781,98314.95696,102482.8739,97926.14852,102078.0856,51823432705,2.02181E+12,19806665,2025-01-06 23:59:59.999000+00:00
2025-01-07 00:00:00+00:00,2025-01-07 23:59:59.999000+00:00,2025-01-07 00:37:00+00:00,2025-01-07 20:25:00+00:00,2781,102248.8525,102712.4857,96132.8747,96922.70528,58685738547,1.91979E+12,19807109,2025-01-07 23:59:59.999000+00:00
2025-01-08 00:00:00+00:00,2025-01-08 23:59:59.999000+00:00,2025-01-08 01:00:00+00:00,2025-01-08 17:32:00+00:00,2781,96924.16497,97258.32175,92525.84456,95043.52346,63875859171,1.88257E+12,19807484,2025-01-08 23:59:59.999000+00:00
2025-01-09 00:00:00+00:00,2025-01-09 23:59:59.999000+00:00,2025-01-09 01:25:00+00:00,2025-01-09 20:23:00+00:00,2781,95043.48764,95349.72146,91220.84226,92484.03697,62777261693,1.83217E+12,19807962,2025-01-09 23:59:59.999000+00:00
2025-01-10 00:00:00+00:00,2025-01-10 23:59:59.999000+00:00,2025-01-10 17:59:00+00:00,2025-01-10 15:15:00+00:00,2781,92494.49151,95770.6116,92250.09274,94701.45646,62058693684,1.87589E+12,19808412,2025-01-10 23:59:59.999000+00:00
2025-01-11 00:00:00+00:00,2025-01-11 23:59:59.999000+00:00,2025-01-11 21:56:00+00:00,2025-01-11 04:38:00+00:00,2781,94700.83805,94977.68766,93840.04352,94566.59368,18860894100,1.87324E+12,19808846,2025-01-11 23:59:59.999000+00:00
2025-01-12 00:00:00+00:00,2025-01-12 23:59:59.999000+00:00,2025-01-12 15:23:00+00:00,2025-01-12 09:50:00+00:00,2781,94565.72583,95367.5363,93712.51167,94488.44106,20885130965,1.87177E+12,19809381,2025-01-12 23:59:59.999000+00:00
2025-01-13 00:00:00+00:00,2025-01-13 23:59:59.999000+00:00,2025-01-13 00:38:00+00:00,2025-01-13 14:37:00+00:00,2781,94488.89217,95837.00023,89260.10019,94516.52563,72978998252,1.87238E+12,19809512,2025-01-13 23:59:59.999000+00:00
2025-01-14 00:00:00+00:00,2025-01-14 23:59:59.999000+00:00,2025-01-14 09:54:00+00:00,2025-01-14 00:46:00+00:00,2781,94519.00714,97352.66475,94322.1545,96534.04421,53769675818,1.91247E+12,19810240,2025-01-14 23:59:59.999000+00:00
2025-01-15 00:00:00+00:00,2025-01-15 23:59:59.999000+00:00,2025-01-15 20:22:00+00:00,2025-01-15 00:05:00+00:00,2781,96534.04597,100697.2344,96501.64439,100504.4934,57805923627,1.99111E+12,19810678,2025-01-15 23:59:59.999000+00:00
2025-01-16 00:00:00+00:00,2025-01-16 23:59:59.999000+00:00,2025-01-16 00:03:00+00:00,2025-01-16 15:03:00+00:00,2781,100505.2987,100781.5891,97364.44308,99756.9091,54103781805,1.97594E+12,19811084,2025-01-16 23:59:59.999000+00:00
2025-01-17 00:00:00+00:00,2025-01-17 23:59:59.999000+00:00,2025-01-17 20:01:00+00:00,2025-01-17 00:04:00+00:00,2781,100025.7651,105884.2304,99948.90506,104462.0426,71888972663,2.06934E+12,19811553,2025-01-17 23:59:59.999000+00:00
2025-01-18 00:00:00+00:00,2025-01-18 23:59:59.999000+00:00,2025-01-18 15:55:00+00:00,2025-01-18 08:11:00+00:00,2781,104124.9546,104913.2062,102226.6203,104408.0673,50445655726,2.06858E+12,19811965,2025-01-18 23:59:59.999000+00:00
2025-01-19 00:00:00+00:00,2025-01-19 23:59:59.999000+00:00,2025-01-19 21:00:00+00:00,2025-01-19 23:41:00+00:00,2781,104411.2868,106299.7985,99570.53118,101089.6065,76789928525,2.00272E+12,19812440,2025-01-19 23:59:59.999000+00:00
2025-01-20 00:00:00+00:00,2025-01-20 23:59:59.999000+00:00,2025-01-20 06:56:00+00:00,2025-01-20 00:42:00+00:00,2781,101083.7535,109114.8848,99471.35894,102016.6623,1.2628E+11,2.02196E+12,19812918,2025-01-20 23:59:59.999000+00:00
2025-01-21 00:00:00+00:00,2025-01-21 23:59:59.999000+00:00,2025-01-21 18:41:00+00:00,2025-01-21 01:31:00+00:00,2781,102052.5753,107180.9249,100103.9558,106146.263,88733878242,2.10292E+12,19813337,2025-01-21 23:59:59.999000+00:00
2025-01-22 00:00:00+00:00,2025-01-22 23:59:59.999000+00:00,2025-01-22 01:07:00+00:00,2025-01-22 16:46:00+00:00,2781,106136.3833,106294.3401,103360.2693,103653.0692,53878181052,2.05385E+12,19813787,2025-01-22 23:59:59.999000+00:00
2025-01-23 00:00:00+00:00,2025-01-23 23:59:59.999000+00:00,2025-01-23 16:16:00+00:00,2025-01-23 10:45:00+00:00,2781,103657.6746,106820.3288,101257.8032,103960.1716,1.04105E+11,2.05982E+12,19814234,2025-01-23 23:59:59.999000+00:00
2025-01-24 00:00:00+00:00,2025-01-24 23:59:59.999000+00:00,2025-01-24 18:29:00+00:00,2025-01-24 03:26:00+00:00,2781,103965.6697,107098.5452,102772.1242,104819.4845,52388229265,2.07696E+12,19814653,2025-01-24 23:59:59.999000+00:00
2025-01-25 00:00:00+00:00,2025-01-25 23:59:59.999000+00:00,2025-01-25 18:33:00+00:00,2025-01-25 10:10:00+00:00,2781,104824.0337,105243.7906,104120.3768,104714.6454,23888996502,2.07456E+12,19815040,2025-01-25 23:59:59.999000+00:00
2025-01-26 00:00:00+00:00,2025-01-26 23:59:59.999000+00:00,2025-01-26 04:27:00+00:00,2025-01-26 23:56:00+00:00,2781,104713.2132,105438.6445,102507.7117,102682.497,22543395879,2.03471E+12,19815500,2025-01-26 23:59:59.999000+00:00
2025-01-27 00:00:00+00:00,2025-01-27 23:59:59.999000+00:00,2025-01-27 00:11:00+00:00,2025-01-27 07:31:00+00:00,2781,102680.3036,103214.1105,97795.9361,102087.6913,89006608428,2.02305E+12,19815946,2025-01-27 23:59:59.999000+00:00
2025-01-28 00:00:00+00:00,2025-01-28 23:59:59.999000+00:00,2025-01-28 15:32:00+00:00,2025-01-28 22:01:00+00:00,2781,102095.4176,103730.8211,100238.1881,101332.4762,47180685494,2.00752E+12,19816309,2025-01-28 23:59:59.999000+00:00
2025-01-29 00:00:00+00:00,2025-01-29 23:59:59.999000+00:00,2025-01-29 20:34:00+00:00,2025-01-29 00:01:00+00:00,2781,101317.5273,104750.8072,101283.8227,103703.2112,47432049818,2.05518E+12,19816921,2025-01-29 23:59:59.999000+00:00
2025-01-30 00:00:00+00:00,2025-01-30 23:59:59.999000+00:00,2025-01-30 15:13:00+00:00,2025-01-30 00:32:00+00:00,2781,103709.3388,106418.7667,103321.6451,104735.3028,41915744521,2.07565E+12,19817375,2025-01-30 23:59:59.999000+00:00
2025-01-31 00:00:00+00:00,2025-01-31 23:59:59.999000+00:00,2025-01-31 15:56:00+00:00,2025-01-31 21:32:00+00:00,2781,104737.5622,106026.3503,101543.8829,102405.0271,45732764360,2.02943E+12,19817771,2025-01-31 23:59:59.999000+00:00
2025-02-01 00:00:00+00:00,2025-02-01 23:59:59.999000+00:00,2025-02-01 01:46:00+00:00,2025-02-01 23:25:00+00:00,2781,102402.7981,102755.726,100297.7092,100655.9057,27757944848,1.99494E+12,19818328,2025-02-01 23:59:59.999000+00:00
2025-02-02 00:00:00+00:00,2025-02-02 23:59:59.999000+00:00,2025-02-02 01:22:00+00:00,2025-02-02 22:42:00+00:00,2781,100661.5364,101430.6658,96216.07781,97688.9793,63091816853,1.93575E+12,19818878,2025-02-02 23:59:59.999000+00:00
2025-02-03 00:00:00+00:00,2025-02-03 23:59:59.999000+00:00,2025-02-03 22:10:00+00:00,2025-02-03 02:09:00+00:00,2781,97681.10326,102514.1747,91242.8926,101405.4231,1.15401E+11,2.00957E+12,19819343,2025-02-03 23:59:59.999000+00:00
2025-02-04 00:00:00+00:00,2025-02-04 23:59:59.999000+00:00,2025-02-04 00:18:00+00:00,2025-02-04 22:14:00+00:00,2781,101398.717,101745.6133,96208.10655,97871.81783,73002130211,1.93925E+12,19819781,2025-02-04 23:59:59.999000+00:00
2025-02-05 00:00:00+00:00,2025-02-05 23:59:59.999000+00:00,2025-02-05 14:43:00+00:00,2025-02-05 23:34:00+00:00,2781,97878.00975,99113.20783,96174.82556,96615.44454,49125911241,1.91501E+12,19820193,2025-02-05 23:59:59.999000+00:00
2025-02-06 00:00:00+00:00,2025-02-06 23:59:59.999000+00:00,2025-02-06 11:51:00+00:00,2025-02-06 19:50:00+00:00,2781,96610.64023,99168.60601,95707.34992,96593.30033,45302471947,1.91435E+12,19820662,2025-02-06 23:59:59.999000+00:00
2025-02-07 00:00:00+00:00,2025-02-07 23:59:59.999000+00:00,2025-02-07 14:51:00+00:00,2025-02-07 22:34:00+00:00,2781,96581.31729,100154.1433,95653.88665,96529.08249,55741290456,1.91341E+12,19821203,2025-02-07 23:59:59.999000+00:00
2025-02-08 00:00:00+00:00,2025-02-08 23:59:59.999000+00:00,2025-02-08 03:09:00+00:00,2025-02-08 15:31:00+00:00,2781,96533.26084,96877.80734,95702.49237,96482.44987,22447526395,1.91243E+12,19821700,2025-02-08 23:59:59.999000+00:00
2025-02-09 00:00:00+00:00,2025-02-09 23:59:59.999000+00:00,2025-02-09 04:01:00+00:00,2025-02-09 21:54:00+00:00,2781,96481.31526,97325.28204,94745.26123,96500.09479,27732901800,1.91283E+12,19822156,2025-02-09 23:59:59.999000+00:00
2025-02-10 00:00:00+00:00,2025-02-10 23:59:59.999000+00:00,2025-02-10 14:01:00+00:00,2025-02-10 01:46:00+00:00,2781,96499.46209,98333.22007,95320.84203,97437.55726,40078962391,1.93174E+12,19822606,2025-02-10 23:59:59.999000+00:00
2025-02-11 00:00:00+00:00,2025-02-11 23:59:59.999000+00:00,2025-02-11 05:57:00+00:00,2025-02-11 19:42:00+00:00,2781,97438.13121,98492.90128,94875.03885,95747.43113,37488783272,1.89796E+12,19822978,2025-02-11 23:59:59.999000+00:00
2025-02-12 00:00:00+00:00,2025-02-12 23:59:59.999000+00:00,2025-02-12 22:40:00+00:00,2025-02-12 13:42:00+00:00,2781,95745.69446,98151.02693,94101.20333,97885.86306,49340445530,1.94024E+12,19823400,2025-02-12 23:59:59.999000+00:00
2025-02-13 00:00:00+00:00,2025-02-13 23:59:59.999000+00:00,2025-02-13 01:55:00+00:00,2025-02-13 16:58:00+00:00,2781,97888.74649,98111.08742,95269.7079,96623.86901,37147280860,1.91545E+12,19823850,2025-02-13 23:59:59.999000+00:00
2025-02-14 00:00:00+00:00,2025-02-14 23:59:59.999000+00:00,2025-02-14 17:58:00+00:00,2025-02-14 15:19:00+00:00,2781,96623.37087,98819.46896,96342.80603,97508.9699,32697987277,1.93295E+12,19824362,2025-02-14 23:59:59.999000+00:00
2025-02-15 00:00:00+00:00,2025-02-15 23:59:59.999000+00:00,2025-02-15 03:13:00+00:00,2025-02-15 00:33:00+00:00,2781,97508.38277,97975.03725,97240.19712,97580.34938,17047266288,1.93452E+12,19824871,2025-02-15 23:59:59.999000+00:00
2025-02-16 00:00:00+00:00,2025-02-16 23:59:59.999000+00:00,2025-02-16 00:39:00+00:00,2025-02-16 23:43:00+00:00,2781,97580.49058,97725.5973,96060.97975,96175.03204,16536755396,1.90678E+12,19825321,2025-02-16 23:59:59.999000+00:00
2025-02-17 00:00:00+00:00,2025-02-17 23:59:59.999000+00:00,2025-02-17 14:18:00+00:00,2025-02-17 19:21:00+00:00,2781,96179.00457,97032.23825,95243.54319,95773.38419,27336550690,1.89879E+12,19825753,2025-02-17 23:59:59.999000+00:00
2025-02-18 00:00:00+00:00,2025-02-18 23:59:59.999000+00:00,2025-02-18 14:26:00+00:00,2025-02-18 19:14:00+00:00,2781,95773.81624,96695.3784,93388.8322,95539.5436,37325720482,1.89409E+12,19826200,2025-02-18 23:59:59.999000+00:00
2025-02-19 00:00:00+00:00,2025-02-19 23:59:59.999000+00:00,2025-02-19 23:03:00+00:00,2025-02-19 01:27:00+00:00,2781,95532.53215,96855.59722,95011.96908,96635.61321,28990872862,1.9159E+12,19826600,2025-02-19 23:59:59.999000+00:00
2025-02-20 00:00:00+00:00,2025-02-20 23:59:59.999000+00:00,2025-02-20 20:26:00+00:00,2025-02-20 00:39:00+00:00,2781,96632.67919,98767.19374,96442.67072,98333.93783,31668022771,1.9498E+12,19826968,2025-02-20 23:59:59.999000+00:00
2025-02-21 00:00:00+00:00,2025-02-21 23:59:59.999000+00:00,2025-02-21 13:48:00+00:00,2025-02-21 21:00:00+00:00,2781,98340.67004,99497.96677,94852.95862,96125.54405,49608706470,1.90583E+12,19827384,2025-02-21 23:59:59.999000+00:00
2025-02-22 00:00:00+00:00,2025-02-22 23:59:59.999000+00:00,2025-02-22 12:56:00+00:00,2025-02-22 00:33:00+00:00,2781,96134.20191,96950.15938,95765.34039,96577.76155,18353824477,1.91493E+12,19827837,2025-02-22 23:59:59.999000+00:00
2025-02-23 00:00:00+00:00,2025-02-23 23:59:59.999000+00:00,2025-02-23 01:00:00+00:00,2025-02-23 17:33:00+00:00,2781,96577.80308,96671.87429,95270.45281,96273.91975,16999478976,1.90902E+12,19828240,2025-02-23 23:59:59.999000+00:00
2025-02-24 00:00:00+00:00,2025-02-24 23:59:59.999000+00:00,2025-02-24 00:12:00+00:00,2025-02-24 23:59:00+00:00,2781,96277.96379,96503.45443,91371.74071,91418.17367,44046480529,1.81284E+12,19828634,2025-02-24 23:59:59.999000+00:00
2025-02-25 00:00:00+00:00,2025-02-25 23:59:59.999000+00:00,2025-02-25 03:52:00+00:00,2025-02-25 15:37:00+00:00,2781,91437.11401,92511.07974,86008.23491,88736.17344,92139104128,1.75958E+12,19829081,2025-02-25 23:59:59.999000+00:00
2025-02-26 00:00:00+00:00,2025-02-26 23:59:59.999000+00:00,2025-02-26 03:20:00+00:00,2025-02-26 20:21:00+00:00,2781,88638.89346,89286.25192,82131.90136,84347.01972,64597492134,1.67114E+12,19829568,2025-02-26 23:59:59.999000+00:00
2025-02-27 00:00:00+00:00,2025-02-27 23:59:59.999000+00:00,2025-02-27 11:00:00+00:00,2025-02-27 21:08:00+00:00,2781,84076.86191,87000.78102,83144.95905,84704.22458,52659591954,1.67972E+12,19830053,2025-02-27 23:59:59.999000+00:00
2025-02-28 00:00:00+00:00,2025-02-28 23:59:59.999000+00:00,2025-02-28 18:53:00+00:00,2025-02-28 08:47:00+00:00,2781,84705.62848,85036.32223,78248.9161,84373.01033,83610570576,1.67322E+12,19830562,2025-02-28 23:59:59.999000+00:00
2025-03-01 00:00:00+00:00,2025-03-01 23:59:59.999000+00:00,2025-03-01 04:44:00+00:00,2025-03-01 00:58:00+00:00,2781,84373.86437,86522.30235,83794.23249,86031.9124,29190628396,1.70616E+12,19830968,2025-03-01 23:59:59.999000+00:00
2025-03-02 00:00:00+00:00,2025-03-02 23:59:59.999000+00:00,2025-03-02 17:48:00+00:00,2025-03-02 14:50:00+00:00,2781,86036.25755,95043.4352,85040.21116,94248.35053,58398341092,1.86932E+12,19831393,2025-03-02 23:59:59.999000+00:00
2025-03-03 00:00:00+00:00,2025-03-03 23:59:59.999000+00:00,2025-03-03 00:02:00+00:00,2025-03-03 22:00:00+00:00,2781,94248.4215,94429.74782,85081.30493,86065.66833,70072228536,1.70712E+12,19831881,2025-03-03 23:59:59.999000+00:00
2025-03-04 00:00:00+00:00,2025-03-04 23:59:59.999000+00:00,2025-03-04 21:30:00+00:00,2025-03-04 15:22:00+00:00,2781,86064.06666,88911.27408,81529.23983,87222.19221,68095241474,1.72967E+12,19832315,2025-03-04 23:59:59.999000+00:00
2025-03-05 00:00:00+00:00,2025-03-05 23:59:59.999000+00:00,2025-03-05 23:46:00+00:00,2025-03-05 00:44:00+00:00,2781,87222.95487,90998.23954,86379.77304,90623.56184,50498988027,1.79729E+12,19832728,2025-03-05 23:59:59.999000+00:00
2025-03-06 00:00:00+00:00,2025-03-06 23:59:59.999000+00:00,2025-03-06 05:59:00+00:00,2025-03-06 19:32:00+00:00,2781,90622.36116,92804.93983,87852.13848,89961.72724,47749810486,1.7838E+12,19833259,2025-03-06 23:59:59.999000+00:00
2025-03-07 00:00:00+00:00,2025-03-07 23:59:59.999000+00:00,2025-03-07 00:14:00+00:00,2025-03-07 00:56:00+00:00,2781,89963.283,91191.04963,84717.67967,86742.67562,65945677657,1.72028E+12,19833703,2025-03-07 23:59:59.999000+00:00
2025-03-08 00:00:00+00:00,2025-03-08 23:59:59.999000+00:00,2025-03-08 00:54:00+00:00,2025-03-08 01:35:00+00:00,2781,86742.65299,86847.26759,85247.48419,86154.59321,18206118081,1.70877E+12,19834137,2025-03-08 23:59:59.999000+00:00
2025-03-09 00:00:00+00:00,2025-03-09 23:59:59.999000+00:00,2025-03-09 01:02:00+00:00,2025-03-09 23:08:00+00:00,2781,86154.30589,86471.13016,80052.48698,80601.04131,30899345977,1.5982E+12,19834650,2025-03-09 23:59:59.999000+00:00
2025-03-10 00:00:00+00:00,2025-03-10 23:59:59.999000+00:00,2025-03-10 09:25:00+00:00,2025-03-10 19:05:00+00:00,2781,80597.14978,83955.92625,77420.59219,78532.00181,54061099422,1.55844E+12,19835125,2025-03-10 23:59:59.999000+00:00
2025-03-11 00:00:00+00:00,2025-03-11 23:59:59.999000+00:00,2025-03-11 19:09:00+00:00,2025-03-11 00:52:00+00:00,2781,78523.87154,83577.75596,76624.25249,82862.20818,54702837196,1.64325E+12,19835556,2025-03-11 23:59:59.999000+00:00
2025-03-12 00:00:00+00:00,2025-03-12 23:59:59.999000+00:00,2025-03-12 12:31:00+00:00,2025-03-12 15:09:00+00:00,2781,82857.37837,84358.57746,80635.24923,83722.36195,40353484454,1.66012E+12,19836021,2025-03-12 23:59:59.999000+00:00
2025-03-13 00:00:00+00:00,2025-03-13 23:59:59.999000+00:00,2025-03-13 02:08:00+00:00,2025-03-13 17:50:00+00:00,2781,83724.9196,84301.69191,79931.85324,81066.70137,31412940153,1.60873E+12,19836521,2025-03-13 23:59:59.999000+00:00
2025-03-14 00:00:00+00:00,2025-03-14 23:59:59.999000+00:00,2025-03-14 15:43:00+00:00,2025-03-14 00:11:00+00:00,2781,81066.99338,85263.28986,80797.56259,83969.09972,29588112414,1.66586E+12,19836950,2025-03-14 23:59:59.999000+00:00
2025-03-15 00:00:00+00:00,2025-03-15 23:59:59.999000+00:00,2025-03-15 03:35:00+00:00,2025-03-15 08:19:00+00:00,2781,83968.40595,84672.67216,83639.59486,84343.10846,13650491277,1.67315E+12,19837362,2025-03-15 23:59:59.999000+00:00
2025-03-16 00:00:00+00:00,2025-03-16 23:59:59.999000+00:00,2025-03-16 16:10:00+00:00,2025-03-16 23:10:00+00:00,2781,84333.32162,85051.59849,82017.90471,82579.69089,21330270174,1.63814E+12,19837834,2025-03-16 23:59:59.999000+00:00
2025-03-17 00:00:00+00:00,2025-03-17 23:59:59.999000+00:00,2025-03-17 19:48:00+00:00,2025-03-17 14:12:00+00:00,2781,82576.33428,84725.32598,82492.15254,84075.6887,25092785558,1.66792E+12,19838271,2025-03-17 23:59:59.999000+00:00
2025-03-18 00:00:00+00:00,2025-03-18 23:59:59.999000+00:00,2025-03-18 00:00:00+00:00,2025-03-18 13:59:00+00:00,2781,84075.71567,84075.71567,81179.99016,82718.50232,24095774594,1.64103E+12,19838712,2025-03-18 23:59:59.999000+00:00
2025-03-19 00:00:00+00:00,2025-03-19 23:59:59.999000+00:00,2025-03-19 23:44:00+00:00,2025-03-19 02:07:00+00:00,2781,82718.80426,87021.18581,82569.72689,86854.22596,34931960257,1.72349E+12,19839190,2025-03-19 23:59:59.999000+00:00
2025-03-20 00:00:00+00:00,2025-03-20 23:59:59.999000+00:00,2025-03-20 00:11:00+00:00,2025-03-20 16:53:00+00:00,2781,86872.9533,87443.26777,83647.19397,84167.1934,29028988961,1.66979E+12,19839637,2025-03-20 23:59:59.999000+00:00
2025-03-21 00:00:00+00:00,2025-03-21 23:59:59.999000+00:00,2025-03-21 02:03:00+00:00,2025-03-21 13:37:00+00:00,2781,84164.54252,84782.27165,83171.06972,84043.24518,19030452299,1.66734E+12,19840084,2025-03-21 23:59:59.999000+00:00
2025-03-22 00:00:00+00:00,2025-03-22 23:59:59.999000+00:00,2025-03-22 09:45:00+00:00,2025-03-22 23:38:00+00:00,2781,84046.25829,84513.87242,83674.78082,83832.48755,9863214091,1.66323E+12,19840556,2025-03-22 23:59:59.999000+00:00
2025-03-23 00:00:00+00:00,2025-03-23 23:59:59.999000+00:00,2025-03-23 23:59:00+00:00,2025-03-23 00:02:00+00:00,2781,83831.90051,86094.78008,83794.91066,86054.37186,12594615537,1.70732E+12,19841046,2025-03-23 23:59:59.999000+00:00
2025-03-24 00:00:00+00:00,2025-03-24 23:59:59.999000+00:00,2025-03-24 14:22:00+00:00,2025-03-24 02:01:00+00:00,2781,86070.92811,88758.72964,85541.1981,87498.91241,34582604933,1.7365E+12,19841525,2025-03-24 23:59:59.999000+00:00
2025-03-25 00:00:00+00:00,2025-03-25 23:59:59.999000+00:00,2025-03-25 20:12:00+00:00,2025-03-25 04:04:00+00:00,2781,87512.81944,88542.39467,86346.0789,87471.70305,30005840049,1.73538E+12,19841981,2025-03-25 23:59:59.999000+00:00
2025-03-26 00:00:00+00:00,2025-03-26 23:59:59.999000+00:00,2025-03-26 07:48:00+00:00,2025-03-26 19:17:00+00:00,2781,87460.23667,88292.1569,85861.45539,86900.88554,26704046038,1.72424E+12,19842468,2025-03-26 23:59:59.999000+00:00
2025-03-27 00:00:00+00:00,2025-03-27 23:59:59.999000+00:00,2025-03-27 02:50:00+00:00,2025-03-27 13:41:00+00:00,2781,86896.25488,87786.7234,85837.9337,87177.10211,24413471941,1.73001E+12,19842934,2025-03-27 23:59:59.999000+00:00
2025-03-28 00:00:00+00:00,2025-03-28 23:59:59.999000+00:00,2025-03-28 01:45:00+00:00,2025-03-28 17:14:00+00:00,2781,87185.23468,87489.86121,83557.64246,84353.15101,34198619509,1.67383E+12,19843418,2025-03-28 23:59:59.999000+00:00
2025-03-29 00:00:00+00:00,2025-03-29 23:59:59.999000+00:00,2025-03-29 00:38:00+00:00,2025-03-29 17:18:00+00:00,2781,84352.07273,84567.33215,81634.14131,82597.58434,16969396135,1.63904E+12,19843837,2025-03-29 23:59:59.999000+00:00
2025-03-30 00:00:00+00:00,2025-03-30 23:59:59.999000+00:00,2025-03-30 10:12:00+00:00,2025-03-30 22:10:00+00:00,2781,82596.98323,83505.00293,81573.24707,82334.5227,14763760943,1.6339E+12,19844256,2025-03-30 23:59:59.999000+00:00
2025-03-31 00:00:00+00:00,2025-03-31 23:59:59.999000+00:00,2025-03-31 15:26:00+00:00,2025-03-31 00:46:00+00:00,2781,82336.05935,83870.12135,81293.88856,82548.91096,29004228247,1.63822E+12,19844740,2025-03-31 23:59:59.999000+00:00
2025-04-01 00:00:00+00:00,2025-04-01 23:59:59.999000+00:00,2025-04-01 16:03:00+00:00,2025-04-01 00:17:00+00:00,2781,82551.91873,85487.36612,82429.36199,85169.16959,28175650319,1.69042E+12,19845168,2025-04-01 23:59:59.999000+00:00
2025-04-02 00:00:00+00:00,2025-04-02 23:59:59.999000+00:00,2025-04-02 20:18:00+00:00,2025-04-02 23:04:00+00:00,2781,85180.61304,88466.95696,82343.53911,82485.70837,47584398470,1.63702E+12,19845709,2025-04-02 23:59:59.999000+00:00
2025-04-03 00:00:00+00:00,2025-04-03 23:59:59.999000+00:00,2025-04-03 01:52:00+00:00,2025-04-03 15:09:00+00:00,2781,82487.47642,83909.29837,81282.09786,83102.82821,36852112080,1.64922E+12,19846165,2025-04-03 23:59:59.999000+00:00
2025-04-04 00:00:00+00:00,2025-04-04 23:59:59.999000+00:00,2025-04-04 09:58:00+00:00,2025-04-04 11:31:00+00:00,2781,83100.24744,84696.14626,81670.74877,83843.80487,45157640207,1.66404E+12,19846750,2025-04-04 23:59:59.999000+00:00
2025-04-05 00:00:00+00:00,2025-04-05 23:59:59.999000+00:00,2025-04-05 01:29:00+00:00,2025-04-05 15:46:00+00:00,2781,83844.69966,84207.01936,82377.73586,83504.80017,14380803631,1.65734E+12,19847253,2025-04-05 23:59:59.999000+00:00
2025-04-06 00:00:00+00:00,2025-04-06 23:59:59.999000+00:00,2025-04-06 01:32:00+00:00,2025-04-06 23:22:00+00:00,2781,83504.50712,83704.71779,77097.7409,78214.48082,36294853736,1.55251E+12,19847706,2025-04-06 23:59:59.999000+00:00
2025-04-07 00:00:00+00:00,2025-04-07 23:59:59.999000+00:00,2025-04-07 14:19:00+00:00,2025-04-07 07:05:00+00:00,2781,78221.33313,81119.06442,74436.6791,79235.33313,91262424987,1.57234E+12,19848168,2025-04-07 23:59:59.999000+00:00
2025-04-08 00:00:00+00:00,2025-04-08 23:59:59.999000+00:00,2025-04-08 02:14:00+00:00,2025-04-08 22:40:00+00:00,2781,79218.47386,80823.88812,76198.02228,76271.95017,48314590749,1.51393E+12,19848631,2025-04-08 23:59:59.999000+00:00
2025-04-09 00:00:00+00:00,2025-04-09 23:59:59.999000+00:00,2025-04-09 21:25:00+00:00,2025-04-09 01:30:00+00:00,2781,76273.5617,83541.00025,74589.67271,82573.95113,84213627038,1.63886E+12,19849046,2025-04-09 23:59:59.999000+00:00
2025-04-10 00:00:00+00:00,2025-04-10 23:59:59.999000+00:00,2025-04-10 00:08:00+00:00,2025-04-10 16:03:00+00:00,2781,82565.97445,82700.93206,78456.13375,79626.14144,44718000633,1.58052E+12,19849490,2025-04-10 23:59:59.999000+00:00
2025-04-11 00:00:00+00:00,2025-04-11 23:59:59.999000+00:00,2025-04-11 21:24:00+00:00,2025-04-11 01:00:00+00:00,2781,79625.04814,84247.47365,78936.32057,83404.83981,41656778779,1.65558E+12,19849971,2025-04-11 23:59:59.999000+00:00
2025-04-12 00:00:00+00:00,2025-04-12 23:59:59.999000+00:00,2025-04-12 20:45:00+00:00,2025-04-12 03:01:00+00:00,2781,83404.51699,85856.18787,82769.37789,85287.11328,24258059104,1.69283E+12,19850409,2025-04-12 23:59:59.999000+00:00
2025-04-13 00:00:00+00:00,2025-04-13 23:59:59.999000+00:00,2025-04-13 01:32:00+00:00,2025-04-13 21:09:00+00:00,2781,85279.47053,86015.18585,83027.00426,83684.97903,28796984817,1.66141E+12,19850931,2025-04-13 23:59:59.999000+00:00
2025-04-14 00:00:00+00:00,2025-04-14 23:59:59.999000+00:00,2025-04-14 14:54:00+00:00,2025-04-14 00:00:00+00:00,2781,83694.52327,85784.99773,83690.63695,84542.39128,34090769777,1.67823E+12,19851412,2025-04-14 23:59:59.999000+00:00
2025-04-15 00:00:00+00:00,2025-04-15 23:59:59.999000+00:00,2025-04-15 13:53:00+00:00,2025-04-15 23:44:00+00:00,2781,84539.69278,86429.34848,83598.81842,83668.98933,28040322885,1.66109E+12,19851862,2025-04-15 23:59:59.999000+00:00
2025-04-16 00:00:00+00:00,2025-04-16 23:59:59.999000+00:00,2025-04-16 17:23:00+00:00,2025-04-16 01:01:00+00:00,2781,83674.51108,85428.28241,83100.61793,84033.86542,29617804112,1.6682E+12,19852321,2025-04-16 23:59:59.999000+00:00
2025-04-17 00:00:00+00:00,2025-04-17 23:59:59.999000+00:00,2025-04-17 18:26:00+00:00,2025-04-17 14:38:00+00:00,2781,84030.67293,85449.06766,83749.75302,84895.75144,21276866029,1.68551E+12,19852803,2025-04-17 23:59:59.999000+00:00
2025-04-18 00:00:00+00:00,2025-04-18 23:59:59.999000+00:00,2025-04-18 01:31:00+00:00,2025-04-18 16:03:00+00:00,2781,84900.19136,85095.04944,84298.8832,84450.80708,12728372364,1.67662E+12,19853218,2025-04-18 23:59:59.999000+00:00
2025-04-19 00:00:00+00:00,2025-04-19 23:59:59.999000+00:00,2025-04-19 15:33:00+00:00,2025-04-19 00:09:00+00:00,2781,84450.87033,85597.70374,84353.45782,85063.41306,15259300427,1.68887E+12,19853653,2025-04-19 23:59:59.999000+00:00
2025-04-20 00:00:00+00:00,2025-04-20 23:59:59.999000+00:00,2025-04-20 02:06:00+00:00,2025-04-20 11:32:00+00:00,2781,85066.06887,85306.38126,83976.84585,85174.30163,14664050812,1.691E+12,19854046,2025-04-20 23:59:59.999000+00:00
2025-04-21 00:00:00+00:00,2025-04-21 23:59:59.999000+00:00,2025-04-21 14:32:00+00:00,2025-04-21 00:05:00+00:00,2781,85171.54275,88460.09617,85143.83771,87518.90503,41396190190,1.7377E+12,19854443,2025-04-21 23:59:59.999000+00:00
2025-04-22 00:00:00+00:00,2025-04-22 23:59:59.999000+00:00,2025-04-22 23:39:00+00:00,2025-04-22 00:38:00+00:00,2781,87521.87117,93817.38379,87084.52941,93441.89335,55899038456,1.855E+12,19854925,2025-04-22 23:59:59.999000+00:00
2025-04-23 00:00:00+00:00,2025-04-23 23:59:59.999000+00:00,2025-04-23 13:39:00+00:00,2025-04-23 15:30:00+00:00,2781,93427.58581,94535.73207,91962.95818,93699.11318,41719568821,1.86029E+12,19855268,2025-04-23 23:59:59.999000+00:00
2025-04-24 00:00:00+00:00,2025-04-24 23:59:59.999000+00:00,2025-04-24 23:35:00+00:00,2025-04-24 08:50:00+00:00,2781,93692.39595,94016.19443,91696.71411,93943.79342,31483175315,1.86553E+12,19855718,2025-04-24 23:59:59.999000+00:00
2025-04-25 00:00:00+00:00,2025-04-25 23:59:59.999000+00:00,2025-04-25 14:57:00+00:00,2025-04-25 03:03:00+00:00,2781,93954.24982,95768.39247,92898.59309,94720.49802,40915232364,1.88079E+12,19856175,2025-04-25 23:59:59.999000+00:00
2025-04-26 00:00:00+00:00,2025-04-26 23:59:59.999000+00:00,2025-04-26 01:37:00+00:00,2025-04-26 13:47:00+00:00,2781,94714.64637,95251.35944,93927.25063,94646.92811,17612825123,1.87964E+12,19856581,2025-04-26 23:59:59.999000+00:00
2025-04-27 00:00:00+00:00,2025-04-27 23:59:59.999000+00:00,2025-04-27 01:18:00+00:00,2025-04-27 13:08:00+00:00,2781,94660.90921,95301.20638,93665.39736,93754.84674,18090367764,1.8617E+12,19856971,2025-04-27 23:59:59.999000+00:00
2025-04-28 00:00:00+00:00,2025-04-28 23:59:59.999000+00:00,2025-04-28 12:48:00+00:00,2025-04-28 01:56:00+00:00,2781,93755.30361,95598.49224,92860.80822,94978.7525,32363449569,1.8861E+12,19857456,2025-04-28 23:59:59.999000+00:00
2025-04-29 00:00:00+00:00,2025-04-29 23:59:59.999000+00:00,2025-04-29 16:46:00+00:00,2025-04-29 23:15:00+00:00,2781,94981.86138,95485.41282,93796.63422,94284.79163,25806129921,1.87233E+12,19857915,2025-04-29 23:59:59.999000+00:00
2025-04-30 00:00:00+00:00,2025-04-30 23:59:59.999000+00:00,2025-04-30 11:56:00+00:00,2025-04-30 14:01:00+00:00,2781,94286.46866,95249.31941,92979.63963,94207.3113,28344679831,1.87091E+12,19858328,2025-04-30 23:59:59.999000+00:00
2025-05-01 00:00:00+00:00,2025-05-01 23:59:59.999000+00:00,2025-05-01 15:16:00+00:00,2025-05-01 00:01:00+00:00,2781,94212.86288,97437.96388,94153.63388,96492.33905,32875889623,1.91627E+12,19858746,2025-05-01 23:59:59.999000+00:00
2025-05-02 00:00:00+00:00,2025-05-02 23:59:59.999000+00:00,2025-05-02 15:02:00+00:00,2025-05-02 08:01:00+00:00,2781,96494.96919,97905.90081,96375.94611,96910.06858,26421924677,1.92445E+12,19859240,2025-05-02 23:59:59.999000+00:00
2025-05-03 00:00:00+00:00,2025-05-03 23:59:59.999000+00:00,2025-05-03 00:06:00+00:00,2025-05-03 23:39:00+00:00,2781,96904.63474,96943.88182,95821.29092,95891.79803,15775154889,1.9041E+12,19859750,2025-05-03 23:59:59.999000+00:00
2025-05-04 00:00:00+00:00,2025-05-04 23:59:59.999000+00:00,2025-05-04 02:07:00+00:00,2025-05-04 23:46:00+00:00,2781,95877.18418,96318.91982,94173.43224,94315.97489,18198688416,1.8732E+12,19860187,2025-05-04 23:59:59.999000+00:00
2025-05-05 00:00:00+00:00,2025-05-05 23:59:59.999000+00:00,2025-05-05 22:43:00+00:00,2025-05-05 02:10:00+00:00,2781,94319.56287,95193.1862,93566.26384,94748.05148,25816260327,1.88177E+12,19860718,2025-05-05 23:59:59.999000+00:00
2025-05-06 00:00:00+00:00,2025-05-06 23:59:59.999000+00:00,2025-05-06 23:52:00+00:00,2025-05-06 13:55:00+00:00,2781,94748.38629,96889.17623,93399.85891,96802.47756,26551275827,1.92256E+12,19861165,2025-05-06 23:59:59.999000+00:00
2025-05-07 00:00:00+00:00,2025-05-07 23:59:59.999000+00:00,2025-05-07 01:09:00+00:00,2025-05-07 19:36:00+00:00,2781,96800.1945,97625.80534,95829.33207,97032.31897,76983822462,1.92726E+12,19861628,2025-05-07 23:59:59.999000+00:00
2025-05-08 00:00:00+00:00,2025-05-08 23:59:59.999000+00:00,2025-05-08 21:22:00+00:00,2025-05-08 00:43:00+00:00,2781,97034.24689,103969.5365,96913.8724,103241.4608,69895404397,2.05055E+12,19862137,2025-05-08 23:59:59.999000+00:00
2025-05-09 00:00:00+00:00,2025-05-09 23:59:59.999000+00:00,2025-05-09 07:50:00+00:00,2025-05-09 03:58:00+00:00,2781,103239.1252,104297.4909,102343.0903,102970.8497,58198593958,2.04533E+12,19862550,2025-05-09 23:59:59.999000+00:00
2025-05-10 00:00:00+00:00,2025-05-10 23:59:59.999000+00:00,2025-05-10 23:26:00+00:00,2025-05-10 00:57:00+00:00,2781,102973.7142,104961.7644,102830.4816,104696.3273,42276713994,2.07968E+12,19863043,2025-05-10 23:59:59.999000+00:00
2025-05-11 00:00:00+00:00,2025-05-11 23:59:59.999000+00:00,2025-05-11 00:08:00+00:00,2025-05-11 08:00:00+00:00,2781,104701.0726,104937.9892,103364.7398,104106.3555,46285517406,2.06793E+12,19863484,2025-05-11 23:59:59.999000+00:00
2025-05-12 00:00:00+00:00,2025-05-12 23:59:59.999000+00:00,2025-05-12 07:06:00+00:00,2025-05-12 18:51:00+00:00,2781,104106.9627,105747.4521,100814.4026,102812.9533,63250475404,2.04226E+12,19863953,2025-05-12 23:59:59.999000+00:00
2025-05-13 00:00:00+00:00,2025-05-13 23:59:59.999000+00:00,2025-05-13 19:49:00+00:00,2025-05-13 03:31:00+00:00,2781,102812.4925,104997.4206,101515.0929,104169.8129,52608876410,2.06922E+12,19864362,2025-05-13 23:59:59.999000+00:00
2025-05-14 00:00:00+00:00,2025-05-14 23:59:59.999000+00:00,2025-05-14 13:36:00+00:00,2025-05-14 17:26:00+00:00,2781,104167.3256,104303.5652,102618.2974,103539.4171,45956071155,2.05678E+12,19864818,2025-05-14 23:59:59.999000+00:00
2025-05-15 00:00:00+00:00,2025-05-15 23:59:59.999000+00:00,2025-05-15 17:46:00+00:00,2025-05-15 14:47:00+00:00,2781,103538.8257,104153.6199,101440.8125,103744.6436,50408241840,2.06073E+12,19865246,2025-05-15 23:59:59.999000+00:00
2025-05-16 00:00:00+00:00,2025-05-16 23:59:59.999000+00:00,2025-05-16 16:06:00+00:00,2025-05-16 08:26:00+00:00,2781,103735.6551,104533.4867,103137.4787,103489.2917,44386499364,2.05584E+12,19865290,2025-05-16 23:59:59.999000+00:00
2025-05-17 00:00:00+00:00,2025-05-17 23:59:59.999000+00:00,2025-05-17 05:04:00+00:00,2025-05-17 01:48:00+00:00,2781,103489.2897,103716.949,102659.1771,103191.0855,37898552742,2.04984E+12,19865290,2025-05-17 23:59:59.999000+00:00
2025-05-18 00:00:00+00:00,2025-05-18 23:59:59.999000+00:00,2025-05-18 23:59:00+00:00,2025-05-18 00:02:00+00:00,2781,103186.9556,106597.1681,103142.6046,106446.0106,49887082058,2.11427E+12,19865290,2025-05-18 23:59:59.999000+00:00
2025-05-19 00:00:00+00:00,2025-05-19 23:59:59.999000+00:00,2025-05-19 00:09:00+00:00,2025-05-19 06:40:00+00:00,2781,106430.5327,107068.7224,102112.6855,105606.1815,61761126647,2.09807E+12,19867081,2025-05-19 23:59:59.999000+00:00
2025-05-20 00:00:00+00:00,2025-05-20 23:59:59.999000+00:00,2025-05-20 20:50:00+00:00,2025-05-20 13:49:00+00:00,2781,105605.4091,107307.1139,104206.5158,106791.0897,36515726122,2.12168E+12,19867546,2025-05-20 23:59:59.999000+00:00
2025-05-21 00:00:00+00:00,2025-05-21 23:59:59.999000+00:00,2025-05-21 23:28:00+00:00,2025-05-21 09:51:00+00:00,2781,106791.3124,110724.4642,106127.2346,109678.0763,78086364051,2.17899E+12,19867978,2025-05-21 23:59:59.999000+00:00
2025-05-22 00:00:00+00:00,2025-05-22 23:59:59.999000+00:00,2025-05-22 17:35:00+00:00,2025-05-22 00:44:00+00:00,2781,109673.4919,111970.1681,109285.0724,111673.284,70157575642,2.2189E+12,19868475,2025-05-22 23:59:59.999000+00:00
2025-05-23 00:00:00+00:00,2025-05-23 23:59:59.999000+00:00,2025-05-23 00:14:00+00:00,2025-05-23 23:50:00+00:00,2781,111679.3563,111798.9039,106841.3012,107287.7967,67548133399,2.13151E+12,19868946,2025-05-23 23:59:59.999000+00:00
2025-05-24 00:00:00+00:00,2025-05-24 23:59:59.999000+00:00,2025-05-24 11:13:00+00:00,2025-05-24 00:06:00+00:00,2781,107278.507,109454.5212,106895.2911,107791.1575,45903627163,2.14197E+12,19869390,2025-05-24 23:59:59.999000+00:00
2025-05-25 00:00:00+00:00,2025-05-25 23:59:59.999000+00:00,2025-05-25 23:02:00+00:00,2025-05-25 16:30:00+00:00,2781,107802.2721,109313.3015,106683.3725,109035.387,47518041841,2.16629E+12,19869878,2025-05-25 23:59:59.999000+00:00
2025-05-26 00:00:00+00:00,2025-05-26 23:59:59.999000+00:00,2025-05-26 15:42:00+00:00,2025-05-26 00:29:00+00:00,2781,109023.7783,110376.8815,108735.6419,109440.3684,45950461571,2.17462E+12,19870340,2025-05-26 23:59:59.999000+00:00
2025-05-27 00:00:00+00:00,2025-05-27 23:59:59.999000+00:00,2025-05-27 13:21:00+00:00,2025-05-27 01:25:00+00:00,2781,109440.4095,110744.2078,107609.5567,108994.6422,57450176272,2.16576E+12,19870784,2025-05-27 23:59:59.999000+00:00
2025-05-28 00:00:00+00:00,2025-05-28 23:59:59.999000+00:00,2025-05-28 01:01:00+00:00,2025-05-28 20:03:00+00:00,2781,108992.1725,109298.2886,106812.9299,107802.3245,49155377493,2.14203E+12,19871246,2025-05-28 23:59:59.999000+00:00
2025-05-29 00:00:00+00:00,2025-05-29 23:59:59.999000+00:00,2025-05-29 11:23:00+00:00,2025-05-29 23:50:00+00:00,2781,107795.5706,108910.0492,105374.3999,105641.7607,56022752042,2.09938E+12,19871787,2025-05-29 23:59:59.999000+00:00
2025-05-30 00:00:00+00:00,2025-05-30 23:59:59.999000+00:00,2025-05-30 05:41:00+00:00,2025-05-30 23:36:00+00:00,2781,105646.2077,106308.9485,103685.7883,103998.5722,57655287183,2.06661E+12,19872268,2025-05-30 23:59:59.999000+00:00
2025-05-31 00:00:00+00:00,2025-05-31 23:59:59.999000+00:00,2025-05-31 21:38:00+00:00,2025-05-31 03:09:00+00:00,2781,103994.7152,104927.1046,103136.1135,104638.0913,38997843858,2.07943E+12,19872778,2025-05-31 23:59:59.999000+00:00
2025-06-01 00:00:00+00:00,2025-06-01 23:59:59.999000+00:00,2025-06-01 23:22:00+00:00,2025-06-01 09:56:00+00:00,2781,104637.2967,105884.5443,103826.9556,105652.0986,37397056873,2.0996E+12,19873178,2025-06-01 23:59:59.999000+00:00
2025-06-02 00:00:00+00:00,2025-06-02 23:59:59.999000+00:00,2025-06-02 23:26:00+00:00,2025-06-02 14:01:00+00:00,2781,105649.8096,105958.3134,103727.5471,105881.5339,45819706290,2.10439E+12,19873625,2025-06-02 23:59:59.999000+00:00
2025-06-03 00:00:00+00:00,2025-06-03 23:59:59.999000+00:00,2025-06-03 15:32:00+00:00,2025-06-03 08:44:00+00:00,2781,105888.4735,106813.579,104920.8441,105432.4701,46196508367,2.09541E+12,19874068,2025-06-03 23:59:59.999000+00:00
2025-06-04 00:00:00+00:00,2025-06-04 23:59:59.999000+00:00,2025-06-04 10:16:00+00:00,2025-06-04 14:07:00+00:00,2781,105434.3683,105997.6923,104232.6999,104731.9833,44544857105,2.08186E+12,19874446,2025-06-04 23:59:59.999000+00:00
2025-06-05 00:00:00+00:00,2025-06-05 23:59:59.999000+00:00,2025-06-05 13:11:00+00:00,2025-06-05 20:57:00+00:00,2781,104750.7801,105936.6902,100436.8859,101575.9523,57479298400,2.01878E+12,19874859,2025-06-05 23:59:59.999000+00:00
2025-06-06 00:00:00+00:00,2025-06-06 23:59:59.999000+00:00,2025-06-06 15:17:00+00:00,2025-06-06 00:23:00+00:00,2781,101574.3671,105376.7734,101169.5724,104390.3469,48856653697,2.0748E+12,19875303,2025-06-06 23:59:59.999000+00:00
2025-06-07 00:00:00+00:00,2025-06-07 23:59:59.999000+00:00,2025-06-07 20:20:00+00:00,2025-06-07 00:19:00+00:00,2781,104390.6448,105972.7541,103987.3118,105615.6263,38365033776,2.09923E+12,19875746,2025-06-07 23:59:59.999000+00:00
2025-06-08 00:00:00+00:00,2025-06-08 23:59:59.999000+00:00,2025-06-08 21:57:00+00:00,2025-06-08 10:16:00+00:00,2781,105617.5094,106497.0598,105075.3305,105793.6502,36626232328,2.10277E+12,19876231,2025-06-08 23:59:59.999000+00:00
2025-06-09 00:00:00+00:00,2025-06-09 23:59:59.999000+00:00,2025-06-09 21:31:00+00:00,2025-06-09 05:39:00+00:00,2781,105793.0212,110561.4198,105400.2309,110294.0991,55903193732,2.19231E+12,19876665,2025-06-09 23:59:59.999000+00:00
2025-06-10 00:00:00+00:00,2025-06-10 23:59:59.999000+00:00,2025-06-10 19:36:00+00:00,2025-06-10 15:34:00+00:00,2781,110295.6877,110380.1214,108367.7134,110257.2377,54700101509,2.19169E+12,19877184,2025-06-10 23:59:59.999000+00:00
2025-06-11 00:00:00+00:00,2025-06-11 23:59:59.999000+00:00,2025-06-11 14:36:00+00:00,2025-06-11 22:27:00+00:00,2781,110261.7963,110384.221,108086.3279,108686.6277,50842662052,2.16042E+12,19877621,2025-06-11 23:59:59.999000+00:00
2025-06-12 00:00:00+00:00,2025-06-12 23:59:59.999000+00:00,2025-06-12 00:24:00+00:00,2025-06-12 22:56:00+00:00,2781,108685.9104,108780.6974,105785.6887,105929.0513,54843867968,2.10557E+12,19878000,2025-06-12 23:59:59.999000+00:00
2025-06-13 00:00:00+00:00,2025-06-13 23:59:59.999000+00:00,2025-06-13 23:46:00+00:00,2025-06-13 01:12:00+00:00,2781,105924.5906,106182.546,102822.0258,106090.9664,69550440846,2.10922E+12,19878000,2025-06-13 23:59:59.999000+00:00
2025-06-14 00:00:00+00:00,2025-06-14 23:59:59.999000+00:00,2025-06-14 00:54:00+00:00,2025-06-14 20:11:00+00:00,2781,106108.0852,106203.756,104379.3652,105472.4087,38007870453,2.09643E+12,19878000,2025-06-14 23:59:59.999000+00:00
2025-06-15 00:00:00+00:00,2025-06-15 23:59:59.999000+00:00,2025-06-15 06:01:00+00:00,2025-06-15 21:14:00+00:00,2781,105464.8401,106157.0984,104519.8802,105552.027,36744307742,2.09823E+12,19878000,2025-06-15 23:59:59.999000+00:00
2025-06-16 00:00:00+00:00,2025-06-16 23:59:59.999000+00:00,2025-06-16 19:28:00+00:00,2025-06-16 01:33:00+00:00,2781,105555.5929,108915.3756,104997.6212,106796.7572,50366626945,2.12285E+12,19878000,2025-06-16 23:59:59.999000+00:00
2025-06-17 00:00:00+00:00,2025-06-17 23:59:59.999000+00:00,2025-06-17 03:13:00+00:00,2025-06-17 17:08:00+00:00,2781,106794.1209,107750.1941,103396.528,104601.1168,55964092176,2.07928E+12,19878000,2025-06-17 23:59:59.999000+00:00
2025-06-18 00:00:00+00:00,2025-06-18 23:59:59.999000+00:00,2025-06-18 05:30:00+00:00,2025-06-18 19:01:00+00:00,2781,104602.0686,105581.8531,103602.2618,104883.3269,47318089133,2.08515E+12,19880053,2025-06-18 23:59:59.999000+00:00
2025-06-19 00:00:00+00:00,2025-06-19 23:59:59.999000+00:00,2025-06-19 05:08:00+00:00,2025-06-19 17:06:00+00:00,2781,104886.7743,105250.8923,103940.7752,104684.286,37333806920,2.08117E+12,19881093,2025-06-19 23:59:59.999000+00:00
2025-06-20 00:00:00+00:00,2025-06-20 23:59:59.999000+00:00,2025-06-20 08:38:00+00:00,2025-06-20 17:38:00+00:00,2781,104681.033,106539.3839,102372.211,103309.6041,50951862476,2.05407E+12,19881571,2025-06-20 23:59:59.999000+00:00
2025-06-21 00:00:00+00:00,2025-06-21 23:59:59.999000+00:00,2025-06-21 10:37:00+00:00,2025-06-21 23:47:00+00:00,2781,103315.0806,104015.7801,100973.0642,102257.4087,38360555118,2.03218E+12,19881993,2025-06-21 23:59:59.999000+00:00
2025-06-22 00:00:00+00:00,2025-06-22 23:59:59.999000+00:00,2025-06-22 00:38:00+00:00,2025-06-22 20:19:00+00:00,2781,102212.0349,103351.6304,98286.20593,100987.1395,65536997201,2.00787E+12,19882350,2025-06-22 23:59:59.999000+00:00
2025-06-23 00:00:00+00:00,2025-06-23 23:59:59.999000+00:00,2025-06-23 22:31:00+00:00,2025-06-23 16:38:00+00:00,2781,100987.4731,106116.8623,99705.747,105577.772,65237759656,2.09905E+12,19882687,2025-06-23 23:59:59.999000+00:00
2025-06-24 00:00:00+00:00,2025-06-24 23:59:59.999000+00:00,2025-06-24 17:03:00+00:00,2025-06-24 08:19:00+00:00,2781,105571.5178,106316.8286,104740.2421,106045.6321,48822986421,2.10854E+12,19883037,2025-06-24 23:59:59.999000+00:00
2025-06-25 00:00:00+00:00,2025-06-25 23:59:59.999000+00:00,2025-06-25 14:08:00+00:00,2025-06-25 00:39:00+00:00,2781,106047.4032,108168.4003,105881.3894,107361.2608,51624120283,2.13499E+12,19883500,2025-06-25 23:59:59.999000+00:00
2025-06-26 00:00:00+00:00,2025-06-26 23:59:59.999000+00:00,2025-06-26 03:07:00+00:00,2025-06-26 15:34:00+00:00,2781,107375.0706,108305.543,106666.3498,106960.0033,43891990613,2.12669E+12,19883981,2025-06-26 23:59:59.999000+00:00
2025-06-27 00:00:00+00:00,2025-06-27 23:59:59.999000+00:00,2025-06-27 07:21:00+00:00,2025-06-27 14:36:00+00:00,2781,106954.9233,107772.4715,106449.9941,107088.4302,45353692675,2.12942E+12,19884334,2025-06-27 23:59:59.999000+00:00
2025-06-28 00:00:00+00:00,2025-06-28 23:59:59.999000+00:00,2025-06-28 17:52:00+00:00,2025-06-28 01:39:00+00:00,2781,107090.5489,107567.8816,106883.9733,107327.7032,30037708335,2.13419E+12,19884800,2025-06-28 23:59:59.999000+00:00
2025-06-29 00:00:00+00:00,2025-06-29 23:59:59.999000+00:00,2025-06-29 12:01:00+00:00,2025-06-29 02:06:00+00:00,2781,107327.8224,108526.307,107230.1105,108385.5701,35534874438,2.15524E+12,19885321,2025-06-29 23:59:59.999000+00:00
2025-06-30 00:00:00+00:00,2025-06-30 23:59:59.999000+00:00,2025-06-30 01:46:00+00:00,2025-06-30 15:19:00+00:00,2781,108383.4412,108798.7919,106759.6503,107135.3345,42064804590,2.13065E+12,19885778,2025-06-30 23:59:59.999000+00:00
2025-07-01 00:00:00+00:00,2025-07-01 23:59:59.999000+00:00,2025-07-01 01:25:00+00:00,2025-07-01 20:02:00+00:00,2781,107144.3826,107550.6787,105270.2266,105698.2781,44110692247,2.10203E+12,19886206,2025-07-01 23:59:59.999000+00:00
2025-07-02 00:00:00+00:00,2025-07-02 23:59:59.999000+00:00,2025-07-02 17:25:00+00:00,2025-07-02 01:18:00+00:00,2781,105703.0999,109763.6535,105157.3956,108859.3239,56248657737,2.16456E+12,19886665,2025-07-02 23:59:59.999000+00:00
2025-07-03 00:00:00+00:00,2025-07-03 23:59:59.999000+00:00,2025-07-03 13:58:00+00:00,2025-07-03 02:44:00+00:00,2781,108845.0129,110541.4616,108605.7956,109647.9788,50494742270,2.18034E+12,19887143,2025-07-03 23:59:59.999000+00:00
2025-07-04 00:00:00+00:00,2025-07-04 23:59:59.999000+00:00,2025-07-04 01:36:00+00:00,2025-07-04 19:32:00+00:00,2781,109635.6552,109751.9875,107296.38,108034.339,42616442656,2.14818E+12,19887650,2025-07-04 23:59:59.999000+00:00
2025-07-05 00:00:00+00:00,2025-07-05 23:59:59.999000+00:00,2025-07-05 04:31:00+00:00,2025-07-05 02:34:00+00:00,2781,108015.8392,108381.3402,107842.2751,108231.182,30615537520,2.15251E+12,19888118,2025-07-05 23:59:59.999000+00:00
2025-07-06 00:00:00+00:00,2025-07-06 23:59:59.999000+00:00,2025-07-06 21:32:00+00:00,2025-07-06 10:03:00+00:00,2781,108231.1838,109731.6259,107847.0172,109232.0697,36746020463,2.17254E+12,19888631,2025-07-06 23:59:59.999000+00:00
2025-07-07 00:00:00+00:00,2025-07-07 23:59:59.999000+00:00,2025-07-07 03:28:00+00:00,2025-07-07 18:34:00+00:00,2781,109235.328,109710.2498,107527.0572,108299.8511,45415696597,2.15396E+12,19889109,2025-07-07 23:59:59.999000+00:00
2025-07-08 00:00:00+00:00,2025-07-08 23:59:59.999000+00:00,2025-07-08 13:47:00+00:00,2025-07-08 02:19:00+00:00,2781,108298.229,109198.9716,107499.5565,108950.2755,44282204127,2.16697E+12,19889534,2025-07-08 23:59:59.999000+00:00
2025-07-09 00:00:00+00:00,2025-07-09 23:59:59.999000+00:00,2025-07-09 19:56:00+00:00,2025-07-09 04:27:00+00:00,2781,108950.2755,111925.3769,108357.682,111326.5513,57927418065,2.21434E+12,19890050,2025-07-09 23:59:59.999000+00:00
2025-07-10 00:00:00+00:00,2025-07-10 23:59:59.999000+00:00,2025-07-10 21:58:00+00:00,2025-07-10 13:45:00+00:00,2781,111329.196,116608.7847,110660.7495,115987.2062,95911605728,2.30703E+12,19890568,2025-07-10 23:59:59.999000+00:00
2025-07-11 00:00:00+00:00,2025-07-11 23:59:59.999000+00:00,2025-07-11 09:38:00+00:00,2025-07-11 00:28:00+00:00,2781,115986.2348,118856.4737,115245.6863,117516.9937,86928361085,2.33781E+12,19891059,2025-07-11 23:59:59.999000+00:00
2025-07-12 00:00:00+00:00,2025-07-12 23:59:59.999000+00:00,2025-07-12 09:55:00+00:00,2025-07-12 15:55:00+00:00,2781,117530.7129,118219.9,116977.0237,117435.2301,45524560304,2.33591E+12,19891525,2025-07-12 23:59:59.999000+00:00
2025-07-13 00:00:00+00:00,2025-07-13 23:59:59.999000+00:00,2025-07-13 19:33:00+00:00,2025-07-13 00:19:00+00:00,2781,117432.2008,119449.5719,117265.4379,119116.1175,49021091807,2.36944E+12,19891946,2025-07-13 23:59:59.999000+00:00
2025-07-14 00:00:00+00:00,2025-07-14 23:59:59.999000+00:00,2025-07-14 07:40:00+00:00,2025-07-14 01:32:00+00:00,2781,119115.7875,123091.6128,118959.1968,119849.7057,1.81746E+11,2.38418E+12,19892418,2025-07-14 23:59:59.999000+00:00
2025-07-15 00:00:00+00:00,2025-07-15 23:59:59.999000+00:00,2025-07-15 00:29:00+00:00,2025-07-15 14:58:00+00:00,2781,119853.8485,119935.5604,115765.6867,117777.189,98321661181,2.34293E+12,19892912,2025-07-15 23:59:59.999000+00:00
2025-07-16 00:00:00+00:00,2025-07-16 23:59:59.999000+00:00,2025-07-16 21:04:00+00:00,2025-07-16 02:38:00+00:00,2781,117777.189,120065.5187,117064.8216,118738.506,72162029070,2.36211E+12,19893337,2025-07-16 23:59:59.999000+00:00
2025-07-17 00:00:00+00:00,2025-07-17 23:59:59.999000+00:00,2025-07-17 21:26:00+00:00,2025-07-17 12:31:00+00:00,2781,118738.506,120999.6072,117508.216,119289.8422,72363841798,2.37301E+12,19893765,2025-07-17 23:59:59.999000+00:00
2025-07-18 00:00:00+00:00,2025-07-18 23:59:59.999000+00:00,2025-07-18 06:03:00+00:00,2025-07-18 20:39:00+00:00,2781,119284.1118,120851.9178,116925.9812,118003.2245,77945799785,2.34748E+12,19894203,2025-07-18 23:59:59.999000+00:00
2025-07-19 00:00:00+00:00,2025-07-19 23:59:59.999000+00:00,2025-07-19 11:10:00+00:00,2025-07-19 21:27:00+00:00,2781,117998.1274,118541.4017,117388.4107,117939.9787,47564562765,2.34646E+12,19894656,2025-07-19 23:59:59.999000+00:00
2025-07-20 00:00:00+00:00,2025-07-20 23:59:59.999000+00:00,2025-07-20 16:06:00+00:00,2025-07-20 22:19:00+00:00,2781,117944.1092,118865.0341,116550.1361,117300.7857,57515447231,2.33382E+12,19895096,2025-07-20 23:59:59.999000+00:00
2025-07-21 00:00:00+00:00,2025-07-21 23:59:59.999000+00:00,2025-07-21 07:31:00+00:00,2025-07-21 00:24:00+00:00,2781,117306.467,119671.5641,116584.4004,117439.5358,69820091744,2.33627E+12,19895596,2025-07-21 23:59:59.999000+00:00
2025-07-22 00:00:00+00:00,2025-07-22 23:59:59.999000+00:00,2025-07-22 23:20:00+00:00,2025-07-22 01:19:00+00:00,2781,117426.4982,120269.9665,116233.2262,119995.4156,79217583118,2.38748E+12,19896056,2025-07-22 23:59:59.999000+00:00
2025-07-23 00:00:00+00:00,2025-07-23 23:59:59.999000+00:00,2025-07-23 00:26:00+00:00,2025-07-23 13:52:00+00:00,2781,119997.4427,120113.3505,117391.3908,118754.9572,66608604537,2.36313E+12,19896496,2025-07-23 23:59:59.999000+00:00
2025-07-24 00:00:00+00:00,2025-07-24 23:59:59.999000+00:00,2025-07-24 15:11:00+00:00,2025-07-24 07:06:00+00:00,2781,118770.9815,119535.4547,117247.9722,118368.0032,72627318560,2.35516E+12,19896946,2025-07-24 23:59:59.999000+00:00
2025-07-25 00:00:00+00:00,2025-07-25 23:59:59.999000+00:00,2025-07-25 00:05:00+00:00,2025-07-25 07:57:00+00:00,2781,118368.0032,118486.9789,114759.8232,117635.8811,1.04857E+11,2.34083E+12,19897456,2025-07-25 23:59:59.999000+00:00
2025-07-26 00:00:00+00:00,2025-07-26 23:59:59.999000+00:00,2025-07-26 19:56:00+00:00,2025-07-26 02:00:00+00:00,2781,117644.8441,118335.6855,117181.2278,117947.3662,48508954046,2.34686E+12,19897931,2025-07-26 23:59:59.999000+00:00
2025-07-27 00:00:00+00:00,2025-07-27 23:59:59.999000+00:00,2025-07-27 22:46:00+00:00,2025-07-27 00:13:00+00:00,2781,117944.7297,119815.5973,117859.687,119448.4903,54683390892,2.37701E+12,19898343,2025-07-27 23:59:59.999000+00:00
2025-07-28 00:00:00+00:00,2025-07-28 23:59:59.999000+00:00,2025-07-28 02:39:00+00:00,2025-07-28 18:36:00+00:00,2781,119457.522,119819.7899,117441.4375,117924.473,64822943193,2.34684E+12,19898825,2025-07-28 23:59:59.999000+00:00
2025-07-29 00:00:00+00:00,2025-07-29 23:59:59.999000+00:00,2025-07-29 07:49:00+00:00,2025-07-29 16:39:00+00:00,2781,117938.5844,119273.8701,116987.3709,117922.1478,68463107433,2.34655E+12,19899162,2025-07-29 23:59:59.999000+00:00
2025-07-30 00:00:00+00:00,2025-07-30 23:59:59.999000+00:00,2025-07-30 15:01:00+00:00,2025-07-30 19:07:00+00:00,2781,117921.9941,118780.7267,115800.8268,117831.1914,68896148592,2.34484E+12,19899584,2025-07-30 23:59:59.999000+00:00
2025-07-31 00:00:00+00:00,2025-07-31 23:59:59.999000+00:00,2025-07-31 07:22:00+00:00,2025-07-31 23:42:00+00:00,2781,117833.6296,118919.9847,115505.2223,115758.2039,69370346018,2.30321E+12,19900065,2025-07-31 23:59:59.999000+00:00
2025-08-01 00:00:00+00:00,2025-08-01 23:59:59.999000+00:00,2025-08-01 03:25:00+00:00,2025-08-01 22:52:00+00:00,2781,115738.9552,116060.7726,112724.443,113320.086,91294530181,2.25514E+12,19900528,2025-08-01 23:59:59.999000+00:00
2025-08-02 00:00:00+00:00,2025-08-02 23:59:59.999000+00:00,2025-08-02 05:04:00+00:00,2025-08-02 19:15:00+00:00,2781,113320.3944,114021.6051,112005.7691,112526.9146,56870866000,2.23937E+12,19900990,2025-08-02 23:59:59.999000+00:00
2025-08-03 00:00:00+00:00,2025-08-03 23:59:59.999000+00:00,2025-08-03 19:38:00+00:00,2025-08-03 00:39:00+00:00,2781,112525.8033,114747.4234,111943.8044,114217.673,48099615826,2.27323E+12,19901484,2025-08-03 23:59:59.999000+00:00
2025-08-04 00:00:00+00:00,2025-08-04 23:59:59.999000+00:00,2025-08-04 17:18:00+00:00,2025-08-04 00:15:00+00:00,2781,114223.9233,115729.472,114130.4032,115071.8843,35783028986,2.29017E+12,19902018,2025-08-04 23:59:59.999000+00:00
2025-08-05 00:00:00+00:00,2025-08-05 23:59:59.999000+00:00,2025-08-05 00:39:00+00:00,2025-08-05 14:47:00+00:00,2781,115072.1846,115117.4359,112701.1104,114141.4417,61039182286,2.27168E+12,19902440,2025-08-05 23:59:59.999000+00:00
2025-08-06 00:00:00+00:00,2025-08-06 23:59:59.999000+00:00,2025-08-06 18:16:00+00:00,2025-08-06 04:39:00+00:00,2781,114140.9136,115737.8332,113372.249,115027.9964,56379133510,2.28943E+12,19902853,2025-08-06 23:59:59.999000+00:00
2025-08-07 00:00:00+00:00,2025-08-07 23:59:59.999000+00:00,2025-08-07 22:57:00+00:00,2025-08-07 04:57:00+00:00,2781,115030.0522,117676.9055,114279.712,117496.8974,64051649681,2.33876E+12,19903384,2025-08-07 23:59:59.999000+00:00
2025-08-08 00:00:00+00:00,2025-08-08 23:59:59.999000+00:00,2025-08-08 00:39:00+00:00,2025-08-08 15:47:00+00:00,2781,117505.4974,117689.2015,115917.4581,116688.7254,59713005166,2.32234E+12,19903825,2025-08-08 23:59:59.999000+00:00
2025-08-09 00:00:00+00:00,2025-08-09 23:59:59.999000+00:00,2025-08-09 10:24:00+00:00,2025-08-09 03:09:00+00:00,2781,116678.2757,117906.6118,116363.8352,116500.3621,54004312429,2.31879E+12,19904165,2025-08-09 23:59:59.999000+00:00
2025-08-10 00:00:00+00:00,2025-08-10 23:59:59.999000+00:00,2025-08-10 23:35:00+00:00,2025-08-10 00:02:00+00:00,2781,116497.7166,119320.7141,116485.166,119306.7614,64755458694,2.37475E+12,19904578,2025-08-10 23:59:59.999000+00:00
2025-08-11 00:00:00+00:00,2025-08-11 23:59:59.999000+00:00,2025-08-11 06:56:00+00:00,2025-08-11 21:54:00+00:00,2781,119306.8108,122321.0974,118159.0285,118731.447,90528784177,2.36308E+12,19905062,2025-08-11 23:59:59.999000+00:00
2025-08-12 00:00:00+00:00,2025-08-12 23:59:59.999000+00:00,2025-08-12 20:56:00+00:00,2025-08-12 10:15:00+00:00,2781,118717.6624,120302.4707,118228.7222,120172.9071,72803657984,2.392E+12,19905281,2025-08-12 23:59:59.999000+00:00
2025-08-13 00:00:00+00:00,2025-08-13 23:59:59.999000+00:00,2025-08-13 23:42:00+00:00,2025-08-13 06:05:00+00:00,2781,120168.9777,123682.4534,118939.6313,123344.0598,90904808795,2.45519E+12,19905968,2025-08-13 23:59:59.999000+00:00
2025-08-14 00:00:00+00:00,2025-08-14 23:59:59.999000+00:00,2025-08-14 00:33:00+00:00,2025-08-14 18:23:00+00:00,2781,123339.3954,124457.1169,117254.8826,118359.5806,1.04056E+11,2.35624E+12,19906468,2025-08-14 23:59:59.999000+00:00
2025-08-15 00:00:00+00:00,2025-08-15 23:59:59.999000+00:00,2025-08-15 06:49:00+00:00,2025-08-15 16:17:00+00:00,2781,118365.7844,119332.3118,116864.5735,117398.348,68665353159,2.33704E+12,19906903,2025-08-15 23:59:59.999000+00:00
2025-08-16 00:00:00+00:00,2025-08-16 23:59:59.999000+00:00,2025-08-16 01:55:00+00:00,2025-08-16 10:23:00+00:00,2781,117398.4231,117996.0633,117271.9524,117491.3484,48036922378,2.33897E+12,19907362,2025-08-16 23:59:59.999000+00:00
2025-08-17 00:00:00+00:00,2025-08-17 23:59:59.999000+00:00,2025-08-17 13:53:00+00:00,2025-08-17 01:08:00+00:00,2781,117492.7886,118595.7763,117279.521,117453.0627,45852169525,2.33825E+12,19907843,2025-08-17 23:59:59.999000+00:00
2025-08-18 00:00:00+00:00,2025-08-18 23:59:59.999000+00:00,2025-08-18 00:11:00+00:00,2025-08-18 09:35:00+00:00,2781,117453.9064,117614.1712,114723.6824,116252.3119,72787808090,2.31418E+12,19908312,2025-08-18 23:59:59.999000+00:00
2025-08-19 00:00:00+00:00,2025-08-19 23:59:59.999000+00:00,2025-08-19 01:05:00+00:00,2025-08-19 23:55:00+00:00,2781,116241.8565,116764.4963,112730.3987,112831.176,71657600353,2.24626E+12,19908743,2025-08-19 23:59:59.999000+00:00
2025-08-20 00:00:00+00:00,2025-08-20 23:59:59.999000+00:00,2025-08-20 22:57:00+00:00,2025-08-20 14:18:00+00:00,2781,112828.0214,114625.7961,112387.962,114274.7408,67993811526,2.27514E+12,19909200,2025-08-20 23:59:59.999000+00:00
2025-08-21 00:00:00+00:00,2025-08-21 23:59:59.999000+00:00,2025-08-21 02:02:00+00:00,2025-08-21 19:39:00+00:00,2781,114275.6841,114802.6496,111986.2347,112419.0275,57817883700,2.23852E+12,19909650,2025-08-21 23:59:59.999000+00:00
2025-08-22 00:00:00+00:00,2025-08-22 23:59:59.999000+00:00,2025-08-22 18:15:00+00:00,2025-08-22 12:36:00+00:00,2781,112433.7308,117377.3987,111678.9486,116874.0875,82528088240,2.32682E+12,19910115,2025-08-22 23:59:59.999000+00:00
2025-08-23 00:00:00+00:00,2025-08-23 23:59:59.999000+00:00,2025-08-23 00:35:00+00:00,2025-08-23 15:12:00+00:00,2781,116866.3678,116996.2532,114536.1083,115374.3312,55377142586,2.29743E+12,19910581,2025-08-23 23:59:59.999000+00:00
2025-08-24 00:00:00+00:00,2025-08-24 23:59:59.999000+00:00,2025-08-24 02:10:00+00:00,2025-08-24 19:38:00+00:00,2781,115387.3913,115615.084,111060.5449,113458.4322,73961489632,2.25905E+12,19911084,2025-08-24 23:59:59.999000+00:00
2025-08-25 00:00:00+00:00,2025-08-25 23:59:59.999000+00:00,2025-08-25 03:11:00+00:00,2025-08-25 21:33:00+00:00,2781,113456.8947,113637.8419,109324.2802,110124.3509,85706860190,2.19274E+12,19911534,2025-08-25 23:59:59.999000+00:00
2025-08-26 00:00:00+00:00,2025-08-26 23:59:59.999000+00:00,2025-08-26 23:14:00+00:00,2025-08-26 01:02:00+00:00,2781,110124.1054,112397.013,108762.0356,111802.6556,69396320317,2.22608E+12,19912006,2025-08-26 23:59:59.999000+00:00
2025-08-27 00:00:00+00:00,2025-08-27 23:59:59.999000+00:00,2025-08-27 14:36:00+00:00,2025-08-27 08:50:00+00:00,2781,111795.7083,112619.4155,110398.2625,111222.0607,62137056409,2.21465E+12,19912475,2025-08-27 23:59:59.999000+00:00
2025-08-28 00:00:00+00:00,2025-08-28 23:59:59.999000+00:00,2025-08-28 13:23:00+00:00,2025-08-28 00:36:00+00:00,2781,111219.0512,113450.0765,110900.9244,112544.802,58860155962,2.24121E+12,19912962,2025-08-28 23:59:59.999000+00:00
2025-08-29 00:00:00+00:00,2025-08-29 23:59:59.999000+00:00,2025-08-29 00:30:00+00:00,2025-08-29 21:04:00+00:00,2781,112550.5201,112619.053,107559.6243,108410.8381,77843379644,2.15881E+12,19913475,2025-08-29 23:59:59.999000+00:00
2025-08-30 00:00:00+00:00,2025-08-30 23:59:59.999000+00:00,2025-08-30 15:46:00+00:00,2025-08-30 02:00:00+00:00,2781,108409.405,108929.3487,107444.4432,108808.0717,51486264208,2.16701E+12,19913968,2025-08-30 23:59:59.999000+00:00
2025-08-31 00:00:00+00:00,2025-08-31 23:59:59.999000+00:00,2025-08-31 01:57:00+00:00,2025-08-31 23:41:00+00:00,2781,108818.4611,109490.9995,108104.6558,108236.7099,47986191770,2.15531E+12,19914409,2025-08-31 23:59:59.999000+00:00
2025-09-01 00:00:00+00:00,2025-09-01 23:59:59.999000+00:00,2025-09-01 09:34:00+00:00,2025-09-01 05:20:00+00:00,2781,108228.7471,109890.5849,107271.1834,109250.5948,66870372995,2.17556E+12,19914878,2025-09-01 23:59:59.999000+00:00
2025-09-02 00:00:00+00:00,2025-09-02 23:59:59.999000+00:00,2025-09-02 14:37:00+00:00,2025-09-02 12:48:00+00:00,2781,109243.0673,111748.0127,108454.0286,111200.5872,74776999491,2.2144E+12,19915362,2025-09-02 23:59:59.999000+00:00
2025-09-03 00:00:00+00:00,2025-09-03 23:59:59.999000+00:00,2025-09-03 17:53:00+00:00,2025-09-03 07:21:00+00:00,2781,111190.6987,112600.2246,110582.9581,111723.2133,61119643565,2.22491E+12,19915362,2025-09-03 23:59:59.999000+00:00
2025-09-04 00:00:00+00:00,2025-09-04 23:59:59.999000+00:00,2025-09-04 00:58:00+00:00,2025-09-04 15:22:00+00:00,2781,111718.1491,112208.3283,109347.2252,110723.6001,60131132901,2.20519E+12,19916287,2025-09-04 23:59:59.999000+00:00
2025-09-05 00:00:00+00:00,2025-09-05 23:59:59.999000+00:00,2025-09-05 12:56:00+00:00,2025-09-05 17:44:00+00:00,2781,110723.0145,113357.4892,110233.3952,110650.9883,60241647677,2.20379E+12,19916693,2025-09-05 23:59:59.999000+00:00
2025-09-06 00:00:00+00:00,2025-09-06 23:59:59.999000+00:00,2025-09-06 03:29:00+00:00,2025-09-06 19:55:00+00:00,2781,110650.5717,111275.0151,110024.0841,110224.6977,21500719036,2.19529E+12,19917137,2025-09-06 23:59:59.999000+00:00
2025-09-07 00:00:00+00:00,2025-09-07 23:59:59.999000+00:00,2025-09-07 23:28:00+00:00,2025-09-07 00:03:00+00:00,2781,110221.3259,111591.0756,110211.6215,111167.6195,24618007520,2.2141E+12,19917634,2025-09-07 23:59:59.999000+00:00
2025-09-08 00:00:00+00:00,2025-09-08 23:59:59.999000+00:00,2025-09-08 15:26:00+00:00,2025-09-08 02:22:00+00:00,2781,111163.0178,112869.2357,110630.6056,112071.4311,40212813407,2.23238E+12,19918150,2025-09-08 23:59:59.999000+00:00
2025-09-09 00:00:00+00:00,2025-09-09 23:59:59.999000+00:00,2025-09-09 07:31:00+00:00,2025-09-09 15:46:00+00:00,2781,112077.5773,113225.44,110776.7003,111530.55,45984480722,2.22155E+12,19918650,2025-09-09 23:59:59.999000+00:00
2025-09-10 00:00:00+00:00,2025-09-10 23:59:59.999000+00:00,2025-09-10 13:50:00+00:00,2025-09-10 01:52:00+00:00,2781,111531.2479,114275.2528,110940.0769,113955.359,56377473784,2.27002E+12,19919153,2025-09-10 23:59:59.999000+00:00
2025-09-11 00:00:00+00:00,2025-09-11 23:59:59.999000+00:00,2025-09-11 23:58:00+00:00,2025-09-11 13:19:00+00:00,2781,113961.4281,115522.5439,113453.8393,115507.5375,45685065332,2.30087E+12,19919640,2025-09-11 23:59:59.999000+00:00
2025-09-12 00:00:00+00:00,2025-09-12 23:59:59.999000+00:00,2025-09-12 19:56:00+00:00,2025-09-12 12:11:00+00:00,2781,115507.793,116769.3825,114794.4844,116101.5809,54785725894,2.31258E+12,19919928,2025-09-12 23:59:59.999000+00:00
2025-09-13 00:00:00+00:00,2025-09-13 23:59:59.999000+00:00,2025-09-13 01:04:00+00:00,2025-09-13 17:10:00+00:00,2781,116093.5595,116334.6336,115248.2759,115950.505,34549454947,2.30978E+12,19920468,2025-09-13 23:59:59.999000+00:00
2025-09-14 00:00:00+00:00,2025-09-14 23:59:59.999000+00:00,2025-09-14 09:49:00+00:00,2025-09-14 23:50:00+00:00,2781,115950.2923,116181.4992,115222.3963,115407.6544,32798036057,2.29887E+12,19920962,2025-09-14 23:59:59.999000+00:00
2025-09-15 00:00:00+00:00,2025-09-15 23:59:59.999000+00:00,2025-09-15 06:11:00+00:00,2025-09-15 13:46:00+00:00,2781,115399.6311,116747.8792,114461.0632,115444.8727,52937859416,2.29941E+12,19921468,2025-09-15 23:59:59.999000+00:00
2025-09-16 00:00:00+00:00,2025-09-16 23:59:59.999000+00:00,2025-09-16 22:09:00+00:00,2025-09-16 13:52:00+00:00,2781,115423.7546,117005.2759,114813.0926,116843.1843,45781744593,2.32769E+12,19921959,2025-09-16 23:59:59.999000+00:00
2025-09-17 00:00:00+00:00,2025-09-17 23:59:59.999000+00:00,2025-09-17 07:23:00+00:00,2025-09-17 18:47:00+00:00,2781,116840.5069,117328.6057,114794.9732,116468.5074,60528025996,2.32018E+12,19922359,2025-09-17 23:59:59.999000+00:00
2025-09-18 00:00:00+00:00,2025-09-18 23:59:59.999000+00:00,2025-09-18 18:52:00+00:00,2025-09-18 00:27:00+00:00,2781,116461.2627,117911.7883,116188.7952,117137.2025,49457272032,2.33372E+12,19922840,2025-09-18 23:59:59.999000+00:00
2025-09-19 00:00:00+00:00,2025-09-19 23:59:59.999000+00:00,2025-09-19 01:06:00+00:00,2025-09-19 20:01:00+00:00,2781,117137.6733,117479.7543,115141.8173,115688.8628,38828473971,2.30495E+12,19923296,2025-09-19 23:59:59.999000+00:00
2025-09-20 00:00:00+00:00,2025-09-20 23:59:59.999000+00:00,2025-09-20 15:31:00+00:00,2025-09-20 03:56:00+00:00,2781,115691.1285,116191.1481,115473.5243,115721.9582,22864449614,2.30573E+12,19923296,2025-09-20 23:59:59.999000+00:00
2025-09-21 00:00:00+00:00,2025-09-21 23:59:59.999000+00:00,2025-09-21 08:02:00+00:00,2025-09-21 22:23:00+00:00,2781,115730.2258,115901.0896,115252.5801,115306.0972,22495852193,2.29734E+12,19923296,2025-09-21 23:59:59.999000+00:00
2025-09-22 00:00:00+00:00,2025-09-22 23:59:59.999000+00:00,2025-09-22 00:13:00+00:00,2025-09-22 19:47:00+00:00,2781,115309.2221,115431.3091,112037.6447,112748.5056,70684158591,2.24667E+12,19924828,2025-09-22 23:59:59.999000+00:00
2025-09-23 00:00:00+00:00,2025-09-23 23:59:59.999000+00:00,2025-09-23 09:12:00+00:00,2025-09-23 20:37:00+00:00,2781,112757.4756,113351.912,111535.5673,112014.4997,47211853279,2.23178E+12,19925284,2025-09-23 23:59:59.999000+00:00
2025-09-24 00:00:00+00:00,2025-09-24 23:59:59.999000+00:00,2025-09-24 17:43:00+00:00,2025-09-24 04:13:00+00:00,2781,112007.6665,113986.2712,111229.6388,113328.6304,48044595085,2.25819E+12,19925746,2025-09-24 23:59:59.999000+00:00
2025-09-25 00:00:00+00:00,2025-09-25 23:59:59.999000+00:00,2025-09-25 00:09:00+00:00,2025-09-25 18:02:00+00:00,2781,113330.1657,113541.087,108713.3962,109049.288,75528654284,2.17278E+12,19926203,2025-09-25 23:59:59.999000+00:00
2025-09-26 00:00:00+00:00,2025-09-26 23:59:59.999000+00:00,2025-09-26 18:28:00+00:00,2025-09-26 11:20:00+00:00,2781,109041.2945,110359.1941,108728.978,109712.8315,57738288949,2.18609E+12,19926631,2025-09-26 23:59:59.999000+00:00
2025-09-27 00:00:00+00:00,2025-09-27 23:59:59.999000+00:00,2025-09-27 04:35:00+00:00,2025-09-27 09:29:00+00:00,2781,109707.141,109778.4989,109144.293,109681.9425,26308042910,2.18564E+12,19927087,2025-09-27 23:59:59.999000+00:00
2025-09-28 00:00:00+00:00,2025-09-28 23:59:59.999000+00:00,2025-09-28 23:10:00+00:00,2025-09-28 12:50:00+00:00,2781,109681.9473,112375.4821,109236.9477,112122.6392,33371048505,2.23422E+12,19927425,2025-09-28 23:59:59.999000+00:00
2025-09-29 00:00:00+00:00,2025-09-29 23:59:59.999000+00:00,2025-09-29 20:45:00+00:00,2025-09-29 07:27:00+00:00,2781,112117.8788,114473.5699,111589.9507,114400.3864,60000147466,2.2797E+12,19928043,2025-09-29 23:59:59.999000+00:00
2025-09-30 00:00:00+00:00,2025-09-30 23:59:59.999000+00:00,2025-09-30 01:16:00+00:00,2025-09-30 10:04:00+00:00,2781,114396.5202,114836.6154,112740.5647,114056.0836,58986330258,2.27296E+12,19928203,2025-09-30 23:59:59.999000+00:00
2025-10-01 00:00:00+00:00,2025-10-01 23:59:59.999000+00:00,2025-10-01 23:59:00+00:00,2025-10-01 00:28:00+00:00,2781,114057.5922,118648.9286,113981.396,118648.9286,71328680132,2.36453E+12,19928203,2025-10-01 23:59:59.999000+00:00
2025-10-02 00:00:00+00:00,2025-10-02 23:59:59.999000+00:00,2025-10-02 19:16:00+00:00,2025-10-02 06:03:00+00:00,2781,118652.3859,121086.4072,118383.1582,120681.2597,71415163912,2.40448E+12,19928203,2025-10-02 23:59:59.999000+00:00
2025-10-03 00:00:00+00:00,2025-10-03 23:59:59.999000+00:00,2025-10-03 16:38:00+00:00,2025-10-03 08:19:00+00:00,2781,120656.982,123944.705,119344.311,122266.5327,83941392228,2.43657E+12,19928203,2025-10-03 23:59:59.999000+00:00
2025-10-04 00:00:00+00:00,2025-10-04 23:59:59.999000+00:00,2025-10-04 05:27:00+00:00,2025-10-04 18:57:00+00:00,2781,122267.4698,122857.6402,121577.5714,122425.4287,36769171735,2.4396E+12,19928203,2025-10-04 23:59:59.999000+00:00
2025-10-05 00:00:00+00:00,2025-10-05 23:59:59.999000+00:00,2025-10-05 04:53:00+00:00,2025-10-05 01:24:00+00:00,2781,122419.6707,125559.2087,122191.9581,123513.4737,73689317763,2.46134E+12,19928203,2025-10-05 23:59:59.999000+00:00
2025-10-06 00:00:00+00:00,2025-10-06 23:59:59.999000+00:00,2025-10-06 18:59:00+00:00,2025-10-06 00:56:00+00:00,2781,123510.45,126198.0696,123196.0489,124752.5284,72568881188,2.48634E+12,19930240,2025-10-06 23:59:59.999000+00:00
2025-10-07 00:00:00+00:00,2025-10-07 23:59:59.999000+00:00,2025-10-07 12:58:00+00:00,2025-10-07 18:30:00+00:00,2781,124752.1397,125184.0258,120681.9718,121451.3791,76149412513,2.42065E+12,19931506,2025-10-07 23:59:59.999000+00:00
2025-10-08 00:00:00+00:00,2025-10-08 23:59:59.999000+00:00,2025-10-08 17:59:00+00:00,2025-10-08 06:08:00+00:00,2781,121448.3536,124167.0917,121119.1801,123354.8703,65354305286,2.45833E+12,19931834,2025-10-08 23:59:59.999000+00:00
2025-10-09 00:00:00+00:00,2025-10-09 23:59:59.999000+00:00,2025-10-09 12:43:00+00:00,2025-10-09 17:01:00+00:00,2781,123337.0678,123739.3466,119812.0346,121705.5823,74653009425,2.4258E+12,19931834,2025-10-09 23:59:59.999000+00:00
2025-10-10 00:00:00+00:00,2025-10-10 23:59:59.999000+00:00,2025-10-10 13:43:00+00:00,2025-10-10 21:21:00+00:00,2781,121704.7402,122509.6617,104582.4113,113214.366,1.53125E+11,2.25712E+12,19932775,2025-10-10 23:59:59.999000+00:00
2025-10-11 00:00:00+00:00,2025-10-11 23:59:59.999000+00:00,2025-10-11 03:02:00+00:00,2025-10-11 21:10:00+00:00,2781,113236.4298,113429.7245,109760.5648,110807.8793,1.10237E+11,2.20878E+12,19932790,2025-10-11 23:59:59.999000+00:00
2025-10-12 00:00:00+00:00,2025-10-12 23:59:59.999000+00:00,2025-10-12 22:03:00+00:00,2025-10-12 01:00:00+00:00,2781,110811.5141,115805.0652,109715.5413,115169.7639,93710414091,2.29549E+12,19932790,2025-10-12 23:59:59.999000+00:00
2025-10-13 00:00:00+00:00,2025-10-13 23:59:59.999000+00:00,2025-10-13 19:55:00+00:00,2025-10-13 11:31:00+00:00,2781,115161.6758,116020.4865,113821.1902,115271.0751,71582026739,2.29771E+12,19934165,2025-10-13 23:59:59.999000+00:00
2025-10-14 00:00:00+00:00,2025-10-14 23:59:59.999000+00:00,2025-10-14 00:34:00+00:00,2025-10-14 13:39:00+00:00,2781,115264.879,115502.8794,110029.4866,113118.6672,92212917403,2.25486E+12,19934406,2025-10-14 23:59:59.999000+00:00
2025-10-15 00:00:00+00:00,2025-10-15 23:59:59.999000+00:00,2025-10-15 02:31:00+00:00,2025-10-15 17:17:00+00:00,2781,113113.9721,113622.382,110235.8355,110783.1669,72574132855,2.20838E+12,19934406,2025-10-15 23:59:59.999000+00:00
2025-10-16 00:00:00+00:00,2025-10-16 23:59:59.999000+00:00,2025-10-16 12:05:00+00:00,2025-10-16 20:36:00+00:00,2781,110782.1719,111990.813,107537.0293,108186.0385,87306423067,2.15658E+12,19935256,2025-10-16 23:59:59.999000+00:00
2025-10-17 00:00:00+00:00,2025-10-17 23:59:59.999000+00:00,2025-10-17 04:03:00+00:00,2025-10-17 10:25:00+00:00,2781,108179.1347,109235.8077,103598.4289,106467.7852,99703051669,2.12287E+12,19936096,2025-10-17 23:59:59.999000+00:00
2025-10-18 00:00:00+00:00,2025-10-18 23:59:59.999000+00:00,2025-10-18 07:13:00+00:00,2025-10-18 00:17:00+00:00,2781,106483.7352,107490.9812,106387.4499,107198.2669,37779905278,2.13729E+12,19936593,2025-10-18 23:59:59.999000+00:00
2025-10-19 00:00:00+00:00,2025-10-19 23:59:59.999000+00:00,2025-10-19 18:58:00+00:00,2025-10-19 09:30:00+00:00,2781,107204.3141,109488.9925,106157.7906,108666.7115,47657008953,2.16647E+12,19936690,2025-10-19 23:59:59.999000+00:00
2025-10-20 00:00:00+00:00,2025-10-20 23:59:59.999000+00:00,2025-10-20 15:53:00+00:00,2025-10-20 00:34:00+00:00,2781,108667.4438,111711.0332,107485.0143,110588.9302,63507793085,2.20487E+12,19937518,2025-10-20 23:59:59.999000+00:00
2025-10-21 00:00:00+00:00,2025-10-21 23:59:59.999000+00:00,2025-10-21 16:37:00+00:00,2025-10-21 08:48:00+00:00,2781,110587.6299,113996.3463,107534.7491,108476.887,1.01194E+11,2.1631E+12,19937981,2025-10-21 23:59:59.999000+00:00
2025-10-22 00:00:00+00:00,2025-10-22 23:59:59.999000+00:00,2025-10-22 15:08:00+00:00,2025-10-22 21:31:00+00:00,2781,108491.5277,109115.1366,106777.9966,107688.5881,80807013218,2.14696E+12,19938465,2025-10-22 23:59:59.999000+00:00
2025-10-23 00:00:00+00:00,2025-10-23 23:59:59.999000+00:00,2025-10-23 18:03:00+00:00,2025-10-23 00:05:00+00:00,2781,107679.4388,111288.5948,107548.4292,110069.7229,54944076060,2.19466E+12,19938884,2025-10-23 23:59:59.999000+00:00
2025-10-24 00:00:00+00:00,2025-10-24 23:59:59.999000+00:00,2025-10-24 12:32:00+00:00,2025-10-24 14:28:00+00:00,2781,110069.3546,111842.528,109770.1516,111033.9231,48160816980,2.21393E+12,19939446,2025-10-24 23:59:59.999000+00:00
2025-10-25 00:00:00+00:00,2025-10-25 23:59:59.999000+00:00,2025-10-25 12:59:00+00:00,2025-10-25 00:55:00+00:00,2781,111032.6149,111947.7047,110704.4078,111641.73,24707667305,2.22608E+12,19939959,2025-10-25 23:59:59.999000+00:00
2025-10-26 00:00:00+00:00,2025-10-26 23:59:59.999000+00:00,2025-10-26 22:05:00+00:00,2025-10-26 04:02:00+00:00,2781,111639.0527,115260.9051,111268.4876,114472.4434,41708524143,2.28278E+12,19940434,2025-10-26 23:59:59.999000+00:00
2025-10-27 00:00:00+00:00,2025-10-27 23:59:59.999000+00:00,2025-10-27 07:07:00+00:00,2025-10-27 23:17:00+00:00,2781,114479.8489,116273.3143,113882.2921,114119.3248,61761358733,2.27584E+12,19940893,2025-10-27 23:59:59.999000+00:00
2025-10-28 00:00:00+00:00,2025-10-28 23:59:59.999000+00:00,2025-10-28 14:22:00+00:00,2025-10-28 21:09:00+00:00,2781,114129.0891,116078.9852,112291.6815,112956.1664,64528066504,2.25181E+12,19941362,2025-10-28 23:59:59.999000+00:00
2025-10-29 00:00:00+00:00,2025-10-29 23:59:59.999000+00:00,2025-10-29 13:28:00+00:00,2025-10-29 18:41:00+00:00,2781,112921.3275,113642.7241,109368.7201,110055.3029,62192043469,2.19478E+12,19941778,2025-10-29 23:59:59.999000+00:00
2025-10-30 00:00:00+00:00,2025-10-30 23:59:59.999000+00:00,2025-10-30 07:20:00+00:00,2025-10-30 20:00:00+00:00,2781,110059.1968,111612.3482,106376.6888,108305.5488,69673964814,2.15981E+12,19942003,2025-10-30 23:59:59.999000+00:00
2025-10-31 00:00:00+00:00,2025-10-31 23:59:59.999000+00:00,2025-10-31 15:11:00+00:00,2025-10-31 00:01:00+00:00,2781,108304.4146,111031.8219,108288.2713,109556.1609,60090359560,2.18489E+12,19942690,2025-10-31 23:59:59.999000+00:00
2025-11-01 00:00:00+00:00,2025-11-01 23:59:59.999000+00:00,2025-11-01 20:34:00+00:00,2025-11-01 00:10:00+00:00,2781,109558.6275,110574.9014,109372.9547,110064.0174,25871668762,2.19503E+12,19943150,2025-11-01 23:59:59.999000+00:00
2025-11-02 00:00:00+00:00,2025-11-02 23:59:59.999000+00:00,2025-11-02 12:06:00+00:00,2025-11-02 22:36:00+00:00,2781,110064.4316,111167.3134,109523.4562,110639.6263,34284209459,2.2067E+12,19943653,2025-11-02 23:59:59.999000+00:00
2025-11-03 00:00:00+00:00,2025-11-03 23:59:59.999000+00:00,2025-11-03 00:11:00+00:00,2025-11-03 16:09:00+00:00,2781,110646.9053,110764.9165,105336.3572,106547.5196,72852006359,2.12487E+12,19944078,2025-11-03 23:59:59.999000+00:00
2025-11-04 00:00:00+00:00,2025-11-04 23:59:59.999000+00:00,2025-11-04 04:06:00+00:00,2025-11-04 21:37:00+00:00,2781,106541.422,107264.8828,98962.0641,101590.5223,1.10967E+11,2.02591E+12,19944128,2025-11-04 23:59:59.999000+00:00
2025-11-05 00:00:00+00:00,2025-11-05 23:59:59.999000+00:00,2025-11-05 20:16:00+00:00,2025-11-05 01:40:00+00:00,2781,101579.2367,104534.7011,98989.91588,103891.8355,77584934804,2.07207E+12,19944128,2025-11-05 23:59:59.999000+00:00
2025-11-06 00:00:00+00:00,2025-11-06 23:59:59.999000+00:00,2025-11-06 04:47:00+00:00,2025-11-06 16:45:00+00:00,2781,103893.6663,104147.304,100336.8665,101301.2905,63932752861,2.02019E+12,19945356,2025-11-06 23:59:59.999000+00:00
2025-11-07 00:00:00+00:00,2025-11-07 23:59:59.999000+00:00,2025-11-07 22:09:00+00:00,2025-11-07 12:56:00+00:00,2781,101286.2435,104052.9168,99257.05733,103372.4067,92168030081,2.06183E+12,19945790,2025-11-07 23:59:59.999000+00:00
2025-11-08 00:00:00+00:00,2025-11-08 23:59:59.999000+00:00,2025-11-08 00:00:00+00:00,2025-11-08 14:20:00+00:00,2781,103371.7013,103373.5593,101458.04,102282.114,51446691095,2.04008E+12,19946187,2025-11-08 23:59:59.999000+00:00
2025-11-09 00:00:00+00:00,2025-11-09 23:59:59.999000+00:00,2025-11-09 23:03:00+00:00,2025-11-09 03:31:00+00:00,2781,102278.9809,105418.3686,101468.8753,104719.6389,59679243013,2.08887E+12,19946503,2025-11-09 23:59:59.999000+00:00
2025-11-10 00:00:00+00:00,2025-11-10 23:59:59.999000+00:00,2025-11-10 01:14:00+00:00,2025-11-10 00:07:00+00:00,2781,104723.7707,106564.6973,104350.6459,105996.5971,69585887229,2.11431E+12,19946887,2025-11-10 23:59:59.999000+00:00
2025-11-11 00:00:00+00:00,2025-11-11 23:59:59.999000+00:00,2025-11-11 01:23:00+00:00,2025-11-11 21:53:00+00:00,2781,105996.8575,107428.2598,102457.3299,102997.471,71130078574,2.05482E+12,19947531,2025-11-11 23:59:59.999000+00:00
2025-11-12 00:00:00+00:00,2025-11-12 23:59:59.999000+00:00,2025-11-12 12:23:00+00:00,2025-11-12 19:29:00+00:00,2781,103011.4345,105297.2335,100836.6137,101663.1867,64347179408,2.02819E+12,19947975,2025-11-12 23:59:59.999000+00:00
2025-11-13 00:00:00+00:00,2025-11-13 23:59:59.999000+00:00,2025-11-13 07:29:00+00:00,2025-11-13 20:22:00+00:00,2781,101674.1483,104005.4938,97988.7219,99697.49064,1.01547E+11,1.98875E+12,19948437,2025-11-13 23:59:59.999000+00:00
2025-11-14 00:00:00+00:00,2025-11-14 23:59:59.999000+00:00,2025-11-14 02:45:00+00:00,2025-11-14 23:09:00+00:00,2781,99694.70623,99804.43281,94000.73405,94397.78783,1.14346E+11,1.88358E+12,19948812,2025-11-14 23:59:59.999000+00:00
2025-11-15 00:00:00+00:00,2025-11-15 23:59:59.999000+00:00,2025-11-15 03:29:00+00:00,2025-11-15 00:00:00+00:00,2781,94420.47103,96728.47242,94420.47103,95549.14594,38500716654,1.90609E+12,19948812,2025-11-15 23:59:59.999000+00:00
2025-11-16 00:00:00+00:00,2025-11-16 23:59:59.999000+00:00,2025-11-16 10:00:00+00:00,2025-11-16 22:12:00+00:00,2781,95556.86578,96564.19122,92971.16556,94177.07448,71086235862,1.8788E+12,19948812,2025-11-16 23:59:59.999000+00:00
2025-11-17 00:00:00+00:00,2025-11-17 23:59:59.999000+00:00,2025-11-17 08:26:00+00:00,2025-11-17 20:05:00+00:00,2781,94180.87633,95928.36958,91214.75439,92093.87421,94186165724,1.8373E+12,19950196,2025-11-17 23:59:59.999000+00:00
2025-11-18 00:00:00+00:00,2025-11-18 23:59:59.999000+00:00,2025-11-18 16:35:00+00:00,2025-11-18 06:53:00+00:00,2781,92094.53305,93745.0766,89300.46427,92948.87239,1.01334E+11,1.85432E+12,19950440,2025-11-18 23:59:59.999000+00:00
2025-11-19 00:00:00+00:00,2025-11-19 23:59:59.999000+00:00,2025-11-19 00:00:00+00:00,2025-11-19 20:12:00+00:00,2781,92946.16603,92946.16603,88526.82887,91465.98907,80350354656,1.8248E+12,19950600,2025-11-19 23:59:59.999000+00:00
2025-11-20 00:00:00+00:00,2025-11-20 23:59:59.999000+00:00,2025-11-20 05:07:00+00:00,2025-11-20 19:09:00+00:00,2781,91459.35155,93025.07003,86040.79724,86631.89857,97970645638,1.7263E+12,19950600,2025-11-20 23:59:59.999000+00:00
2025-11-21 00:00:00+00:00,2025-11-21 23:59:59.999000+00:00,2025-11-21 00:40:00+00:00,2025-11-21 12:30:00+00:00,2781,86528.77276,87380.80791,80659.81243,85090.68611,1.29158E+11,1.69777E+12,19950600,2025-11-21 23:59:59.999000+00:00
2025-11-22 00:00:00+00:00,2025-11-22 23:59:59.999000+00:00,2025-11-22 00:16:00+00:00,2025-11-22 10:55:00+00:00,2781,85098.56592,85503.0102,83490.90126,84648.35673,40793099246,1.68894E+12,19952396,2025-11-22 23:59:59.999000+00:00
2025-11-23 00:00:00+00:00,2025-11-23 23:59:59.999000+00:00,2025-11-23 23:01:00+00:00,2025-11-23 00:02:00+00:00,2781,84648.60862,88038.4682,84641.77396,86805.00808,58083435576,1.73186E+12,19952637,2025-11-23 23:59:59.999000+00:00
2025-11-24 00:00:00+00:00,2025-11-24 23:59:59.999000+00:00,2025-11-24 20:56:00+00:00,2025-11-24 14:51:00+00:00,2781,86798.77131,89206.33535,85272.19616,88270.56197,74433896110,1.76127E+12,19953268,2025-11-24 23:59:59.999000+00:00
2025-11-25 00:00:00+00:00,2025-11-25 23:59:59.999000+00:00,2025-11-25 04:56:00+00:00,2025-11-25 14:52:00+00:00,2781,88269.95787,88457.33338,86131.4289,87341.89375,64837343545,1.74285E+12,19953446,2025-11-25 23:59:59.999000+00:00
2025-11-26 00:00:00+00:00,2025-11-26 23:59:59.999000+00:00,2025-11-26 22:12:00+00:00,2025-11-26 12:23:00+00:00,2781,87345.58651,90581.1537,86316.90074,90518.36958,66496301869,1.8062E+12,19954125,2025-11-26 23:59:59.999000+00:00
2025-11-27 00:00:00+00:00,2025-11-27 23:59:59.999000+00:00,2025-11-27 09:38:00+00:00,2025-11-27 00:16:00+00:00,2781,90517.76571,91897.57534,90089.51626,91285.37234,57040622845,1.82156E+12,19954584,2025-11-27 23:59:59.999000+00:00
2025-11-28 00:00:00+00:00,2025-11-28 23:59:59.999000+00:00,2025-11-28 14:31:00+00:00,2025-11-28 17:43:00+00:00,2781,91285.37945,92969.08653,90257.1168,90919.26943,60895830289,1.81429E+12,19955059,2025-11-28 23:59:59.999000+00:00
2025-11-29 00:00:00+00:00,2025-11-29 23:59:59.999000+00:00,2025-11-29 16:22:00+00:00,2025-11-29 18:14:00+00:00,2781,90918.73991,91187.62098,90260.18622,90851.75407,37921773455,1.81272E+12,19955493,2025-11-29 23:59:59.999000+00:00
2025-11-30 00:00:00+00:00,2025-11-30 23:59:59.999000+00:00,2025-11-30 13:26:00+00:00,2025-11-30 23:59:00+00:00,2781,90838.20907,91965.04491,90394.30895,90394.30895,38497902869,1.8038E+12,19955987,2025-11-30 23:59:59.999000+00:00
2025-12-01 00:00:00+00:00,2025-12-01 23:59:59.999000+00:00,2025-12-01 00:02:00+00:00,2025-12-01 15:46:00+00:00,2781,90389.1098,90398.15846,83862.24852,86321.56995,87962894424,1.72269E+12,19956431,2025-12-01 23:59:59.999000+00:00
2025-12-02 00:00:00+00:00,2025-12-02 23:59:59.999000+00:00,2025-12-02 19:43:00+00:00,2025-12-02 00:23:00+00:00,2781,86322.53807,92316.62904,86202.19376,91350.20543,78546798211,1.82296E+12,19956850,2025-12-02 23:59:59.999000+00:00
2025-12-03 00:00:00+00:00,2025-12-03 23:59:59.999000+00:00,2025-12-03 23:03:00+00:00,2025-12-03 00:38:00+00:00,2781,91345.09562,94060.77281,91056.38863,93527.8038,77650204986,1.86509E+12,19957250,2025-12-03 23:59:59.999000+00:00
2025-12-04 00:00:00+00:00,2025-12-04 23:59:59.999000+00:00,2025-12-04 03:08:00+00:00,2025-12-04 19:24:00+00:00,2781,93454.2567,94038.24428,90976.09861,92141.62229,64538402681,1.83877E+12,19957665,2025-12-04 23:59:59.999000+00:00
2025-12-05 00:00:00+00:00,2025-12-05 23:59:59.999000+00:00,2025-12-05 02:40:00+00:00,2025-12-05 16:43:00+00:00,2781,92133.64983,92702.63683,88152.14402,89387.75441,63256398633,1.78402E+12,19957806,2025-12-05 23:59:59.999000+00:00
2025-12-06 00:00:00+00:00,2025-12-06 23:59:59.999000+00:00,2025-12-06 14:19:00+00:00,2025-12-06 23:27:00+00:00,2781,89389.36132,90267.46083,88951.66792,89272.37385,37994042405,1.78185E+12,19958540,2025-12-06 23:59:59.999000+00:00
2025-12-07 00:00:00+00:00,2025-12-07 23:59:59.999000+00:00,2025-12-07 18:33:00+00:00,2025-12-07 14:34:00+00:00,2781,89277.8108,91740.8451,87799.56278,90405.63851,47394898960,1.80478E+12,19959006,2025-12-07 23:59:59.999000+00:00
2025-12-08 00:00:00+00:00,2025-12-08 23:59:59.999000+00:00,2025-12-08 09:08:00+00:00,2025-12-08 15:44:00+00:00,2781,90424.58576,92267.11461,89644.88685,90640.20558,57394099056,1.80912E+12,19959506,2025-12-08 23:59:59.999000+00:00
2025-12-09 00:00:00+00:00,2025-12-09 23:59:59.999000+00:00,2025-12-09 17:07:00+00:00,2025-12-09 05:19:00+00:00,2781,90639.70334,94601.57081,89586.97714,92691.70747,66861721440,1.85019E+12,19959915,2025-12-09 23:59:59.999000+00:00
2025-12-10 00:00:00+00:00,2025-12-10 23:59:59.999000+00:00,2025-12-10 20:18:00+00:00,2025-12-10 14:54:00+00:00,2781,92695.23366,94477.15882,91640.13138,92020.94574,65420694513,1.83658E+12,19960396,2025-12-10 23:59:59.999000+00:00
2025-12-11 00:00:00+00:00,2025-12-11 23:59:59.999000+00:00,2025-12-11 21:35:00+00:00,2025-12-11 14:57:00+00:00,2781,92011.30468,93554.26792,89335.29971,92511.33916,64532834621,1.84665E+12,19960887,2025-12-11 23:59:59.999000+00:00
2025-12-12 00:00:00+00:00,2025-12-12 23:59:59.999000+00:00,2025-12-12 03:07:00+00:00,2025-12-12 16:44:00+00:00,2781,92513.66749,92747.93332,89532.59982,90270.4128,80275884583,1.80167E+12,19961337,2025-12-12 23:59:59.999000+00:00
2025-12-13 00:00:00+00:00,2025-12-13 23:59:59.999000+00:00,2025-12-13 10:44:00+00:00,2025-12-13 21:34:00+00:00,2781,90257.80057,90647.57225,89800.99174,90298.71012,64237748110,1.80248E+12,19961800,2025-12-13 23:59:59.999000+00:00
2025-12-14 00:00:00+00:00,2025-12-14 23:59:59.999000+00:00,2025-12-14 00:48:00+00:00,2025-12-14 23:34:00+00:00,2781,90296.43447,90498.11077,87634.93707,88175.17741,50465972205,1.76009E+12,19962193,2025-12-14 23:59:59.999000+00:00
2025-12-15 00:00:00+00:00,2025-12-15 23:59:59.999000+00:00,2025-12-15 02:23:00+00:00,2025-12-15 18:36:00+00:00,2781,88171.08038,89983.91873,85304.07788,86419.78052,45559514323,1.72526E+12,19962596,2025-12-15 23:59:59.999000+00:00
2025-12-16 00:00:00+00:00,2025-12-16 23:59:59.999000+00:00,2025-12-16 15:58:00+00:00,2025-12-16 04:51:00+00:00,2781,86424.40704,88170.09765,85381.68879,87843.98631,41262178223,1.75371E+12,19963081,2025-12-16 23:59:59.999000+00:00
2025-12-17 00:00:00+00:00,2025-12-17 23:59:59.999000+00:00,2025-12-17 15:16:00+00:00,2025-12-17 19:12:00+00:00,2781,87847.61542,90264.56914,85316.26534,86143.75766,44243392914,1.71974E+12,19963500,2025-12-17 23:59:59.999000+00:00
2025-12-18 00:00:00+00:00,2025-12-18 23:59:59.999000+00:00,2025-12-18 14:02:00+00:00,2025-12-18 20:01:00+00:00,2781,86144.36502,89412.66224,84436.31546,85462.50638,52667115348,1.70644E+12,19963959,2025-12-18 23:59:59.999000+00:00
2025-12-19 00:00:00+00:00,2025-12-19 23:59:59.999000+00:00,2025-12-19 15:18:00+00:00,2025-12-19 02:05:00+00:00,2781,85476.13621,89339.11953,85107.66404,88103.38063,46733310561,1.7589E+12,19964415,2025-12-19 23:59:59.999000+00:00
2025-12-20 00:00:00+00:00,2025-12-20 23:59:59.999000+00:00,2025-12-20 05:45:00+00:00,2025-12-20 00:55:00+00:00,2781,88101.67079,88497.20562,87924.87312,88343.99857,14688196659,1.76379E+12,19964878,2025-12-20 23:59:59.999000+00:00
2025-12-21 00:00:00+00:00,2025-12-21 23:59:59.999000+00:00,2025-12-21 09:55:00+00:00,2025-12-21 14:01:00+00:00,2781,88344.70065,89027.94956,87613.19945,88621.75042,19845522660,1.76935E+12,19965293,2025-12-21 23:59:59.999000+00:00
2025-12-22 00:00:00+00:00,2025-12-22 23:59:59.999000+00:00,2025-12-22 12:34:00+00:00,2025-12-22 20:18:00+00:00,2781,88621.40135,90501.93075,87908.07332,88490.0192,38047472118,1.76677E+12,19965715,2025-12-22 23:59:59.999000+00:00
2025-12-23 00:00:00+00:00,2025-12-23 23:59:59.999000+00:00,2025-12-23 00:40:00+00:00,2025-12-23 14:58:00+00:00,2781,88490.02831,88898.38623,86606.97392,87414.00058,43683011533,1.74513E+12,19966175,2025-12-23 23:59:59.999000+00:00
2025-12-24 00:00:00+00:00,2025-12-24 23:59:59.999000+00:00,2025-12-24 23:01:00+00:00,2025-12-24 14:40:00+00:00,2781,87404.32179,87956.8803,86411.79909,87611.96149,25550297986,1.74925E+12,19966668,2025-12-24 23:59:59.999000+00:00
2025-12-25 00:00:00+00:00,2025-12-25 23:59:59.999000+00:00,2025-12-25 15:46:00+00:00,2025-12-25 23:47:00+00:00,2781,87608.3166,88501.79039,86949.26,87234.73833,19953216347,1.74184E+12,19967115,2025-12-25 23:59:59.999000+00:00
2025-12-26 00:00:00+00:00,2025-12-26 23:59:59.999000+00:00,2025-12-26 07:26:00+00:00,2025-12-26 15:17:00+00:00,2781,87235.5117,89459.43273,86628.14446,87301.43224,42455674908,1.7432E+12,19967603,2025-12-26 23:59:59.999000+00:00
2025-12-27 00:00:00+00:00,2025-12-27 23:59:59.999000+00:00,2025-12-27 23:52:00+00:00,2025-12-27 00:23:00+00:00,2781,87301.43319,87874.78254,87182.97932,87802.15521,13741199310,1.75318E+12,19968006,2025-12-27 23:59:59.999000+00:00
2025-12-28 00:00:00+00:00,2025-12-28 23:59:59.999000+00:00,2025-12-28 14:43:00+00:00,2025-12-28 20:07:00+00:00,2781,87799.34518,87986.8915,87394.95366,87835.83351,15156557929,1.75395E+12,19968515,2025-12-28 23:59:59.999000+00:00
2025-12-29 00:00:00+00:00,2025-12-29 23:59:59.999000+00:00,2025-12-29 04:39:00+00:00,2025-12-29 12:16:00+00:00,2781,87835.79133,90299.1552,86717.91538,87138.14324,48411625849,1.73998E+12,19968978,2025-12-29 23:59:59.999000+00:00
2025-12-30 00:00:00+00:00,2025-12-30 23:59:59.999000+00:00,2025-12-30 16:23:00+00:00,2025-12-30 03:17:00+00:00,2781,87134.35224,89297.93749,86735.54373,88430.13612,35586356225,1.76588E+12,19969368,2025-12-30 23:59:59.999000+00:00
2025-12-31 00:00:00+00:00,2025-12-31 23:59:59.999000+00:00,2025-12-31 14:10:00+00:00,2025-12-31 20:42:00+00:00,2781,88429.58656,89080.28559,87130.56487,87508.82508,33830210616,1.74752E+12,19969778,2025-12-31 23:59:59.999000+00:00
