timeOpen,timeHigh,timeLow,open,high,low,close,circulatingSupply
2026-01-01 00:00:00+00:00,2026-01-01 17:55:00+00:00,2026-01-01 00:45:00+00:00,89693.29169729,91586.80074934,87098.87684131,89713.96239177,19970756
2026-01-02 00:00:00+00:00,2026-01-02 21:08:00+00:00,2026-01-02 06:04:00+00:00,89742.92261415,91196.18247324,86230.0453275,87850.15205902,19971734
2026-01-03 00:00:00+00:00,2026-01-03 21:32:00+00:00,2026-01-03 09:10:00+00:00,87691.13694195,89829.85342714,85719.29484477,88386.52387562,19972712
2026-01-04 00:00:00+00:00,2026-01-04 18:31:00+00:00,2026-01-04 05:50:00+00:00,88434.71394766,90010.98354491,87187.15777598,88005.02707188,19973690
2026-01-05 00:00:00+00:00,2026-01-05 19:13:00+00:00,2026-01-05 08:51:00+00:00,88019.29838209,89287.48272684,85356.40958864,87592.4076878,19974668
2026-01-06 00:00:00+00:00,2026-01-06 23:31:00+00:00,2026-01-06 02:17:00+00:00,87561.66935136,88769.46005701,86726.8403061,87623.81324579,19975646
2026-01-07 00:00:00+00:00,2026-01-07 23:43:00+00:00,2026-01-07 17:50:00+00:00,87282.03431035,88265.96036932,84613.86819959,85358.52158684,19976624
2026-01-08 00:00:00+00:00,2026-01-08 14:05:00+00:00,2026-01-08 00:07:00+00:00,85333.04690729,90391.78810517,82495.94119766,88021.4700108,19977602
2026-01-09 00:00:00+00:00,2026-01-09 16:48:00+00:00,2026-01-09 00:58:00+00:00,87831.26685567,89834.15976241,85786.20330782,87107.71908832,19978580
2026-01-10 00:00:00+00:00,2026-01-10 22:12:00+00:00,2026-01-10 01:27:00+00:00,86988.44635525,89364.03593384,85835.06076815,87909.29143965,19979558
2026-01-11 00:00:00+00:00,2026-01-11 18:39:00+00:00,2026-01-11 14:03:00+00:00,87806.8403396,89633.64145741,84936.30819391,85944.7285302,19980536
2026-01-12 00:00:00+00:00,2026-01-12 23:28:00+00:00,2026-01-12 16:51:00+00:00,85750.89290529,88588.40008362,83507.99585563,87314.87420211,19981514
2026-01-13 00:00:00+00:00,2026-01-13 21:11:00+00:00,2026-01-13 12:37:00+00:00,87207.13938595,88032.0724146,85463.45616732,86461.00885714,19982492
2026-01-14 00:00:00+00:00,2026-01-14 21:27:00+00:00,2026-01-14 10:04:00+00:00,86211.94196809,90040.58380619,85326.84514519,89046.52017101,19983470
2026-01-15 00:00:00+00:00,2026-01-15 14:29:00+00:00,2026-01-15 07:24:00+00:00,88876.58612767,90382.42339431,86287.16709342,87790.40721593,19984448
2026-01-16 00:00:00+00:00,2026-01-16 16:05:00+00:00,2026-01-16 11:18:00+00:00,87680.82514069,90541.07822319,85421.59838692,88603.16344338,19985426
2026-01-17 00:00:00+00:00,2026-01-17 20:19:00+00:00,2026-01-17 01:20:00+00:00,88896.36587749,91323.24563459,85783.96638291,87029.93863847,19986404
2026-01-18 00:00:00+00:00,2026-01-18 07:19:00+00:00,2026-01-18 02:36:00+00:00,86997.332226,87833.54479371,84342.62265005,85878.06612113,19987382
2026-01-19 00:00:00+00:00,2026-01-19 15:54:00+00:00,2026-01-19 05:14:00+00:00,85935.28004564,87784.14045904,85204.02286159,86495.86495514,19988360
2026-01-20 00:00:00+00:00,2026-01-20 12:43:00+00:00,2026-01-20 09:55:00+00:00,86284.1179396,88025.11519495,83410.35363347,85126.39970647,19989338
2026-01-21 00:00:00+00:00,2026-01-21 21:58:00+00:00,2026-01-21 07:33:00+00:00,84956.85696738,89414.48635041,83081.72443818,86854.53515299,19990316
2026-01-22 00:00:00+00:00,2026-01-22 19:21:00+00:00,2026-01-22 16:13:00+00:00,87087.95036108,88431.88278456,85614.25959425,87168.60271662,19991294
2026-01-23 00:00:00+00:00,2026-01-23 11:55:00+00:00,2026-01-23 09:54:00+00:00,86799.15416831,88585.12168945,84575.11398119,85702.12486054,19992272
2026-01-24 00:00:00+00:00,2026-01-24 16:21:00+00:00,2026-01-24 01:14:00+00:00,85582.53140012,88794.97095801,84179.67879377,87414.56994714,19993250
2026-01-25 00:00:00+00:00,2026-01-25 21:31:00+00:00,2026-01-25 15:26:00+00:00,87442.546646,88665.41707454,85351.02694046,87154.818351,19994228
2026-01-26 00:00:00+00:00,2026-01-26 15:40:00+00:00,2026-01-26 00:46:00+00:00,86845.98850211,88185.26194244,85534.36673203,87028.63186331,19995206
2026-01-27 00:00:00+00:00,2026-01-27 15:32:00+00:00,2026-01-27 13:18:00+00:00,86958.44535555,89564.8001814,85252.89794914,88720.4918669,19996184
2026-01-28 00:00:00+00:00,2026-01-28 17:14:00+00:00,2026-01-28 01:25:00+00:00,88895.73345095,91050.13562075,84976.16328261,86723.52810344,19997162
2026-01-29 00:00:00+00:00,2026-01-29 18:12:00+00:00,2026-01-29 06:49:00+00:00,86833.33988548,90322.58221419,84387.28120218,88532.69125583,19998140
2026-01-30 00:00:00+00:00,2026-01-30 18:57:00+00:00,2026-01-30 03:39:00+00:00,88608.72180785,89222.16138454,86694.13213495,87411.5912039,19999118
2026-01-31 00:00:00+00:00,2026-01-31 21:05:00+00:00,2026-01-31 17:43:00+00:00,87430.14511383,89428.14132672,85946.84184981,87353.66466013,20000096
2026-02-01 00:00:00+00:00,2026-02-01 18:15:00+00:00,2026-02-01 17:20:00+00:00,87352.54417951,89487.02400242,85635.08021402,87629.6866309,20001074
2026-02-02 00:00:00+00:00,2026-02-02 14:00:00+00:00,2026-02-02 06:14:00+00:00,87459.55892271,88843.4614158,85968.1737544,87229.1456929,20002052
2026-02-03 00:00:00+00:00,2026-02-03 21:57:00+00:00,2026-02-03 18:37:00+00:00,87066.35711288,89315.75535351,86443.7756513,88575.17942447,20003030
2026-02-04 00:00:00+00:00,2026-02-04 22:56:00+00:00,2026-02-04 14:45:00+00:00,88502.3351684,89778.79790583,87200.24355636,88086.79281781,20004008
2026-02-05 00:00:00+00:00,2026-02-05 14:14:00+00:00,2026-02-05 12:26:00+00:00,88137.42504468,89930.61041517,86342.85310109,88573.21646061,20004986
2026-02-06 00:00:00+00:00,2026-02-06 21:41:00+00:00,2026-02-06 10:09:00+00:00,88593.34703057,89813.13872098,86945.04082159,88005.8260344,20005964
2026-02-07 00:00:00+00:00,2026-02-07 14:47:00+00:00,2026-02-07 00:56:00+00:00,88101.38839437,91321.87579915,86581.41269669,89329.69643008,20006942
2026-02-08 00:00:00+00:00,2026-02-08 21:30:00+00:00,2026-02-08 00:54:00+00:00,89484.02253271,91377.41693628,86531.32744487,88645.25929505,20007920
2026-02-09 00:00:00+00:00,2026-02-09 16:52:00+00:00,2026-02-09 13:03:00+00:00,88751.58194806,92360.02025378,86976.72261787,90802.4017028,20008898
2026-02-10 00:00:00+00:00,2026-02-10 19:13:00+00:00,2026-02-10 09:07:00+00:00,90676.80929456,91987.1610639,87788.78675272,90142.6917422,20009876
2026-02-11 00:00:00+00:00,2026-02-11 13:25:00+00:00,2026-02-11 04:26:00+00:00,90086.92188246,92447.52565138,87524.92746201,90589.9516179,20010854
2026-02-12 00:00:00+00:00,2026-02-12 14:51:00+00:00,2026-02-12 07:11:00+00:00,90522.54584909,92270.76817717,87966.90946439,89414.23593223,20011832
2026-02-13 00:00:00+00:00,2026-02-13 17:33:00+00:00,2026-02-13 14:09:00+00:00,89469.68660627,91725.09195312,88483.69045453,90434.65087952,20012810
2026-02-14 00:00:00+00:00,2026-02-14 23:34:00+00:00,2026-02-14 21:45:00+00:00,90175.7143777,91047.29704885,89123.47147902,90220.86847287,20013788
2026-02-15 00:00:00+00:00,2026-02-15 22:43:00+00:00,2026-02-15 14:46:00+00:00,90288.77216487,92788.93191756,89185.88415036,90935.63692812,20014766
2026-02-16 00:00:00+00:00,2026-02-16 22:40:00+00:00,2026-02-16 04:39:00+00:00,90675.33572993,94610.74110539,89381.0131619,93379.55287113,20015744
2026-02-17 00:00:00+00:00,2026-02-17 20:10:00+00:00,2026-02-17 05:56:00+00:00,93668.95963468,96435.9071396,89548.33540107,91115.77096059,20016722
2026-02-18 00:00:00+00:00,2026-02-18 20:27:00+00:00,2026-02-18 15:40:00+00:00,90970.16036027,95391.9919804,89523.687893,92892.67979047,20017700
2026-02-19 00:00:00+00:00,2026-02-19 18:24:00+00:00,2026-02-19 04:02:00+00:00,93174.42431681,95624.69689831,89902.92692124,92365.67067453,20018678
2026-02-20 00:00:00+00:00,2026-02-20 14:20:00+00:00,2026-02-20 05:21:00+00:00,92233.01617065,94686.7812295,90460.5462255,91930.35622722,20019656
2026-02-21 00:00:00+00:00,2026-02-21 19:21:00+00:00,2026-02-21 15:17:00+00:00,92126.67713799,93108.5197348,90309.08396185,91595.80375126,20020634
2026-02-22 00:00:00+00:00,2026-02-22 15:39:00+00:00,2026-02-22 00:59:00+00:00,91609.02261637,96114.5654767,89963.17517185,93548.20479848,20021612
2026-02-23 00:00:00+00:00,2026-02-23 16:19:00+00:00,2026-02-23 07:36:00+00:00,93475.42626989,94647.00649674,92396.64835114,93610.36829776,20022590
2026-02-24 00:00:00+00:00,2026-02-24 06:25:00+00:00,2026-02-24 05:19:00+00:00,93720.2559963,95337.00269937,92228.67574483,93897.87700191,20023568
2026-02-25 00:00:00+00:00,2026-02-25 20:39:00+00:00,2026-02-25 03:41:00+00:00,93845.53741644,96525.44966353,92384.19696558,95300.08575761,20024546
2026-02-26 00:00:00+00:00,2026-02-26 16:34:00+00:00,2026-02-26 09:53:00+00:00,95216.03131424,96253.89127823,92211.47690729,93253.49577034,20025524
2026-02-27 00:00:00+00:00,2026-02-27 12:55:00+00:00,2026-02-27 04:58:00+00:00,92932.92299159,97989.41897727,90967.56662436,96055.35786917,20026502
2026-02-28 00:00:00+00:00,2026-02-28 14:21:00+00:00,2026-02-28 03:13:00+00:00,95612.23037381,97187.7224223,92798.74408413,94064.26960449,20027480
2026-03-01 00:00:00+00:00,2026-03-01 06:55:00+00:00,2026-03-01 02:43:00+00:00,93867.98826977,97117.99651789,92363.40775046,95852.0139184,20028458
2026-03-02 00:00:00+00:00,2026-03-02 21:49:00+00:00,2026-03-02 19:56:00+00:00,96100.63729363,97833.73302347,94215.26844591,95819.33705726,20029436
2026-03-03 00:00:00+00:00,2026-03-03 15:53:00+00:00,2026-03-03 06:32:00+00:00,96028.21351812,98282.80932696,93196.083507,95194.32099304,20030414
2026-03-04 00:00:00+00:00,2026-03-04 20:46:00+00:00,2026-03-04 16:36:00+00:00,95496.11479033,96760.08522407,93899.26026967,95692.0054184,20031392
2026-03-05 00:00:00+00:00,2026-03-05 20:13:00+00:00,2026-03-05 18:49:00+00:00,95643.69996237,98288.89750386,93191.70764553,95462.42688528,20032370
2026-03-06 00:00:00+00:00,2026-03-06 15:39:00+00:00,2026-03-06 07:41:00+00:00,95413.50417937,96726.26387377,90964.42077296,93574.27236037,20033348
2026-03-07 00:00:00+00:00,2026-03-07 18:19:00+00:00,2026-03-07 06:27:00+00:00,93800.90591939,96727.95596605,92473.94397302,94872.83743472,20034326
2026-03-08 00:00:00+00:00,2026-03-08 20:39:00+00:00,2026-03-08 18:22:00+00:00,94814.54299909,96985.27099707,92313.89805282,94529.16777829,20035304
2026-03-09 00:00:00+00:00,2026-03-09 20:51:00+00:00,2026-03-09 06:19:00+00:00,94215.71434276,96598.9980255,93179.10885613,95488.23240827,20036282
2026-03-10 00:00:00+00:00,2026-03-10 23:26:00+00:00,2026-03-10 14:12:00+00:00,95929.42816722,97251.38484945,93293.69816691,95108.15453931,20037260
2026-03-11 00:00:00+00:00,2026-03-11 21:19:00+00:00,2026-03-11 06:41:00+00:00,94884.19805651,96562.31482707,91975.3653016,93538.61814646,20038238
2026-03-12 00:00:00+00:00,2026-03-12 16:04:00+00:00,2026-03-12 08:39:00+00:00,93341.75111328,95693.23662741,92538.82824044,94341.20490631,20039216
2026-03-13 00:00:00+00:00,2026-03-13 19:20:00+00:00,2026-03-13 02:22:00+00:00,94371.02381924,95655.42261203,91856.22642275,93212.2150126,20040194
2026-03-14 00:00:00+00:00,2026-03-14 16:35:00+00:00,2026-03-14 10:39:00+00:00,92946.68134198,95990.16349121,90757.22470555,93806.610615,20041172
2026-03-15 00:00:00+00:00,2026-03-15 20:02:00+00:00,2026-03-15 04:23:00+00:00,93766.34801811,94532.3695193,92328.75265923,93258.49383808,20042150
2026-03-16 00:00:00+00:00,2026-03-16 04:56:00+00:00,2026-03-16 04:40:00+00:00,93248.87731697,94524.41789837,91603.20200381,92536.01382058,20043128
2026-03-17 00:00:00+00:00,2026-03-17 21:02:00+00:00,2026-03-17 08:21:00+00:00,92557.95826382,95370.32135008,90383.8105096,93467.21039675,20044106
2026-03-18 00:00:00+00:00,2026-03-18 18:14:00+00:00,2026-03-18 02:46:00+00:00,93549.19295992,94827.00047324,91633.12529326,93172.93823501,20045084
2026-03-19 00:00:00+00:00,2026-03-19 18:43:00+00:00,2026-03-19 15:23:00+00:00,93053.06359545,94950.41909823,91141.36398901,92768.37155465,20046062
2026-03-20 00:00:00+00:00,2026-03-20 20:35:00+00:00,2026-03-20 12:18:00+00:00,92658.98129058,95538.71366565,90871.23907306,93656.23342205,20047040
2026-03-21 00:00:00+00:00,2026-03-21 14:22:00+00:00,2026-03-21 02:37:00+00:00,93655.06517598,95661.47458424,90996.45180617,92612.40952694,20048018
2026-03-22 00:00:00+00:00,2026-03-22 18:01:00+00:00,2026-03-22 06:17:00+00:00,92609.99243027,94606.59477379,90248.08842615,92123.83092664,20048996
2026-03-23 00:00:00+00:00,2026-03-23 12:25:00+00:00,2026-03-23 02:13:00+00:00,91643.38676653,93994.50639928,90098.13417482,92527.32446991,20049974
2026-03-24 00:00:00+00:00,2026-03-24 11:55:00+00:00,2026-03-24 02:14:00+00:00,92254.13222653,94068.07057464,89881.39787869,91814.12619212,20050952
2026-03-25 00:00:00+00:00,2026-03-25 18:08:00+00:00,2026-03-25 02:46:00+00:00,91932.59438771,93623.2220513,90396.48670136,91805.49783396,20051930
2026-03-26 00:00:00+00:00,2026-03-26 11:14:00+00:00,2026-03-26 09:43:00+00:00,91820.06650132,93523.60228609,90128.54321173,91010.57657646,20052908
2026-03-27 00:00:00+00:00,2026-03-27 22:59:00+00:00,2026-03-27 20:37:00+00:00,91143.9614731,93761.01231892,89191.95085627,91891.27958327,20053886
2026-03-28 00:00:00+00:00,2026-03-28 05:03:00+00:00,2026-03-28 04:04:00+00:00,91773.30441087,94410.68825669,90405.37810537,92242.96814264,20054864
2026-03-29 00:00:00+00:00,2026-03-29 03:59:00+00:00,2026-03-29 02:40:00+00:00,92373.69672814,96647.46720504,89214.98006602,93913.01613074,20055842
2026-03-30 00:00:00+00:00,2026-03-30 21:47:00+00:00,2026-03-30 20:50:00+00:00,93869.70073259,96723.49041314,90443.55057746,93068.41527806,20056820
2026-03-31 00:00:00+00:00,2026-03-31 20:50:00+00:00,2026-03-31 10:07:00+00:00,93354.81628133,96141.7449672,92050.37050466,94777.97904002,20057798
2026-04-01 00:00:00+00:00,2026-04-01 18:02:00+00:00,2026-04-01 09:29:00+00:00,95179.67950229,97146.56339417,92060.89856645,94676.02434816,20058776
2026-04-02 00:00:00+00:00,2026-04-02 23:32:00+00:00,2026-04-02 23:04:00+00:00,94812.72054405,97391.38079556,93659.5540079,96610.60867945,20059754
2026-04-03 00:00:00+00:00,2026-04-03 18:00:00+00:00,2026-04-03 02:07:00+00:00,96680.67132527,99554.36512034,95454.03548053,97951.00565262,20060732
2026-04-04 00:00:00+00:00,2026-04-04 19:13:00+00:00,2026-04-04 14:42:00+00:00,97983.7733195,102774.11130408,96032.51448788,100479.82248134,20061710
2026-04-05 00:00:00+00:00,2026-04-05 07:12:00+00:00,2026-04-05 01:03:00+00:00,100532.84141878,103884.27439463,97791.0833809,101053.1440541,20062688
2026-04-06 00:00:00+00:00,2026-04-06 19:57:00+00:00,2026-04-06 15:13:00+00:00,100993.88029267,103951.93579933,98995.44979662,101790.60990831,20063666
2026-04-07 00:00:00+00:00,2026-04-07 22:30:00+00:00,2026-04-07 20:55:00+00:00,102109.26841845,103289.84687349,99425.19170242,100788.82894453,20064644
2026-04-08 00:00:00+00:00,2026-04-08 16:35:00+00:00,2026-04-08 07:55:00+00:00,100831.26729408,103612.62545286,97496.2851493,100472.19905217,20065622
2026-04-09 00:00:00+00:00,2026-04-09 20:10:00+00:00,2026-04-09 09:45:00+00:00,100337.75647682,102395.29649121,98777.41679918,100480.90896394,20066600
2026-04-10 00:00:00+00:00,2026-04-10 23:27:00+00:00,2026-04-10 07:17:00+00:00,100573.57187943,102194.29433683,99052.6995142,100391.83475301,20067578
2026-04-11 00:00:00+00:00,2026-04-11 18:38:00+00:00,2026-04-11 12:36:00+00:00,100114.20628427,104134.42805447,98033.75662715,101542.87220956,20068556
2026-04-12 00:00:00+00:00,2026-04-12 18:58:00+00:00,2026-04-12 14:54:00+00:00,101568.51182411,103952.69561206,98683.53778889,101917.72918044,20069534
2026-04-13 00:00:00+00:00,2026-04-13 17:36:00+00:00,2026-04-13 16:01:00+00:00,101939.06887464,104332.02233262,98871.35595786,100940.14112638,20070512
2026-04-14 00:00:00+00:00,2026-04-14 20:16:00+00:00,2026-04-14 09:46:00+00:00,101060.71318867,103860.78026034,99114.85809052,102064.45613437,20071490
2026-04-15 00:00:00+00:00,2026-04-15 22:12:00+00:00,2026-04-15 14:05:00+00:00,102071.47540682,106129.20576221,99973.03267204,103457.63967529,20072468
2026-04-16 00:00:00+00:00,2026-04-16 15:00:00+00:00,2026-04-16 13:21:00+00:00,103099.50619068,105294.00689116,102102.04975859,104541.7155907,20073446
2026-04-17 00:00:00+00:00,2026-04-17 14:08:00+00:00,2026-04-17 01:41:00+00:00,104330.06859315,108301.44434665,102439.10039417,106584.10824417,20074424
2026-04-18 00:00:00+00:00,2026-04-18 19:58:00+00:00,2026-04-18 10:22:00+00:00,106553.93599533,107637.14582127,104246.78450503,105556.63913434,20075402
2026-04-19 00:00:00+00:00,2026-04-19 20:37:00+00:00,2026-04-19 03:59:00+00:00,105779.67752714,110104.22228973,102836.84899823,108108.84224412,20076380
2026-04-20 00:00:00+00:00,2026-04-20 17:04:00+00:00,2026-04-20 00:57:00+00:00,108312.19267781,109576.36822085,106333.99001672,107388.19679427,20077358
2026-04-21 00:00:00+00:00,2026-04-21 20:23:00+00:00,2026-04-21 05:30:00+00:00,107688.87170041,111661.80128731,106275.15379114,110609.3684073,20078336
2026-04-22 00:00:00+00:00,2026-04-22 14:23:00+00:00,2026-04-22 08:23:00+00:00,109939.59730555,112778.46883522,106743.17030152,109932.45739769,20079314
2026-04-23 00:00:00+00:00,2026-04-23 11:12:00+00:00,2026-04-23 08:35:00+00:00,109929.07651957,111735.68045164,108720.64454439,109988.93625314,20080292
2026-04-24 00:00:00+00:00,2026-04-24 19:02:00+00:00,2026-04-24 18:06:00+00:00,110114.48262642,113849.69237313,107548.06277402,111503.49502571,20081270
2026-04-25 00:00:00+00:00,2026-04-25 14:18:00+00:00,2026-04-25 08:20:00+00:00,111695.86708715,112574.69668212,109881.41384591,110949.30028461,20082248
2026-04-26 00:00:00+00:00,2026-04-26 22:05:00+00:00,2026-04-26 19:18:00+00:00,110853.74355502,113248.28673956,108910.58655335,111595.65478782,20083226
2026-04-27 00:00:00+00:00,2026-04-27 15:23:00+00:00,2026-04-27 06:52:00+00:00,111501.69301685,114937.03497564,109961.36352583,112978.84542066,20084204
2026-04-28 00:00:00+00:00,2026-04-28 16:58:00+00:00,2026-04-28 15:27:00+00:00,112517.00739863,114325.31022119,111215.36471139,113142.21651492,20085182
2026-04-29 00:00:00+00:00,2026-04-29 17:01:00+00:00,2026-04-29 09:56:00+00:00,112716.88414408,114751.25231417,109598.14596319,112049.25749625,20086160
2026-04-30 00:00:00+00:00,2026-04-30 21:52:00+00:00,2026-04-30 11:37:00+00:00,112019.93139914,114176.55418123,109776.961557,111867.24802261,20087138
2026-05-01 00:00:00+00:00,2026-05-01 16:37:00+00:00,2026-05-01 12:52:00+00:00,112043.76580945,116440.89860447,110389.18872487,114732.27871111,20088116
2026-05-02 00:00:00+00:00,2026-05-02 23:03:00+00:00,2026-05-02 06:17:00+00:00,114778.25723262,118127.96566141,112105.48254412,116749.09358356,20089094
2026-05-03 00:00:00+00:00,2026-05-03 17:27:00+00:00,2026-05-03 15:21:00+00:00,116258.8932352,120675.02447035,114877.01865015,119004.11919805,20090072
2026-05-04 00:00:00+00:00,2026-05-04 17:42:00+00:00,2026-05-04 07:04:00+00:00,118739.01883139,121607.94411678,117752.11053908,120213.26906033,20091050
2026-05-05 00:00:00+00:00,2026-05-05 14:34:00+00:00,2026-05-05 08:29:00+00:00,120418.44499304,122818.29998547,118486.47057521,120625.59075352,20092028
2026-05-06 00:00:00+00:00,2026-05-06 19:59:00+00:00,2026-05-06 02:13:00+00:00,120302.85942446,123085.76636074,116071.95326845,118538.21527839,20093006
2026-05-07 00:00:00+00:00,2026-05-07 09:41:00+00:00,2026-05-07 06:45:00+00:00,118315.40980509,120359.08871822,117315.31601521,119043.15793854,20093984
2026-05-08 00:00:00+00:00,2026-05-08 14:21:00+00:00,2026-05-08 06:05:00+00:00,119027.83681158,120157.2481127,114753.52552196,116352.61446518,20094962
2026-05-09 00:00:00+00:00,2026-05-09 20:56:00+00:00,2026-05-09 07:41:00+00:00,116142.31802898,121043.25410264,114322.80820268,119122.72055729,20095940
2026-05-10 00:00:00+00:00,2026-05-10 21:17:00+00:00,2026-05-10 15:38:00+00:00,119063.88936981,120483.32799453,113605.72979546,115414.14759543,20096918
2026-05-11 00:00:00+00:00,2026-05-11 21:35:00+00:00,2026-05-11 18:28:00+00:00,115388.45711713,116475.84472331,113963.70130006,115442.00435212,20097896
2026-05-12 00:00:00+00:00,2026-05-12 15:16:00+00:00,2026-05-12 09:54:00+00:00,115550.78660596,117047.43046045,111797.1046396,113359.32253304,20098874
2026-05-13 00:00:00+00:00,2026-05-13 14:02:00+00:00,2026-05-13 00:52:00+00:00,113145.4103543,118685.68006868,111864.21358767,116964.05028633,20099852
2026-05-14 00:00:00+00:00,2026-05-14 09:43:00+00:00,2026-05-14 05:41:00+00:00,117173.63136893,118393.29205402,116259.32257278,117131.26928773,20100830
2026-05-15 00:00:00+00:00,2026-05-15 21:20:00+00:00,2026-05-15 17:43:00+00:00,116826.69533494,118338.87404573,115182.08330422,116856.60408595,20101808
2026-05-16 00:00:00+00:00,2026-05-16 21:56:00+00:00,2026-05-16 02:35:00+00:00,116913.66330106,119581.93065523,112059.1576072,115273.42136837,20102786
2026-05-17 00:00:00+00:00,2026-05-17 05:41:00+00:00,2026-05-17 01:50:00+00:00,115335.05528884,120248.60336622,111981.07465934,117283.29378552,20103764
2026-05-18 00:00:00+00:00,2026-05-18 23:32:00+00:00,2026-05-18 04:41:00+00:00,117219.74631431,119473.8619058,114821.260642,116734.13956625,20104742
2026-05-19 00:00:00+00:00,2026-05-19 00:34:00+00:00,2026-05-19 00:22:00+00:00,116763.41307698,120621.56767167,115352.26395216,119549.55624747,20105720
2026-05-20 00:00:00+00:00,2026-05-20 14:59:00+00:00,2026-05-20 12:17:00+00:00,119332.87339223,121403.82798443,113773.84089644,116519.44929623,20106698
2026-05-21 00:00:00+00:00,2026-05-21 16:48:00+00:00,2026-05-21 11:45:00+00:00,116424.96418937,121146.54431424,114585.08932675,119515.43722257,20107676
2026-05-22 00:00:00+00:00,2026-05-22 14:06:00+00:00,2026-05-22 04:08:00+00:00,119230.50403578,122132.5683298,115124.77885731,117045.45003572,20108654
2026-05-23 00:00:00+00:00,2026-05-23 03:55:00+00:00,2026-05-23 02:28:00+00:00,117064.30039563,120973.60808576,115334.1098735,118580.84130941,20109632
2026-05-24 00:00:00+00:00,2026-05-24 20:00:00+00:00,2026-05-24 16:22:00+00:00,118266.78153954,120258.88302789,116942.51062536,118980.17133336,20110610
2026-05-25 00:00:00+00:00,2026-05-25 14:04:00+00:00,2026-05-25 01:50:00+00:00,119072.9499512,123314.76676786,116687.48443721,120321.26483184,20111588
2026-05-26 00:00:00+00:00,2026-05-26 07:43:00+00:00,2026-05-26 03:53:00+00:00,120580.3163055,122315.29467597,114898.10544009,118015.25085545,20112566
2026-05-27 00:00:00+00:00,2026-05-27 23:34:00+00:00,2026-05-27 13:47:00+00:00,118239.47875987,124344.15778457,115149.15494002,122274.31844228,20113544
2026-05-28 00:00:00+00:00,2026-05-28 18:30:00+00:00,2026-05-28 14:01:00+00:00,122209.17390489,124229.41308416,117050.12731193,119002.87832186,20114522
2026-05-29 00:00:00+00:00,2026-05-29 22:11:00+00:00,2026-05-29 16:37:00+00:00,119225.36755116,124472.0484119,117628.54649978,121953.66088229,20115500
2026-05-30 00:00:00+00:00,2026-05-30 23:04:00+00:00,2026-05-30 15:08:00+00:00,121873.48698512,123532.4692708,116029.48675051,119533.46135387,20116478
2026-05-31 00:00:00+00:00,2026-05-31 16:49:00+00:00,2026-05-31 07:31:00+00:00,119610.92887228,124420.01159926,116649.08765099,121140.29090145,20117456
2026-06-01 00:00:00+00:00,2026-06-01 20:22:00+00:00,2026-06-01 00:49:00+00:00,121399.06710743,122970.28858756,117684.35017275,119597.27605789,20118434
2026-06-02 00:00:00+00:00,2026-06-02 17:57:00+00:00,2026-06-02 06:33:00+00:00,119628.8467015,121062.73063535,117346.51700433,120005.41487547,20119412
2026-06-03 00:00:00+00:00,2026-06-03 13:29:00+00:00,2026-06-03 03:40:00+00:00,119920.53367396,122435.13092715,118438.70491217,120282.68861876,20120390
2026-06-04 00:00:00+00:00,2026-06-04 21:13:00+00:00,2026-06-04 06:55:00+00:00,120531.99259912,121624.15074832,118498.61224004,119236.09208993,20121368
2026-06-05 00:00:00+00:00,2026-06-05 20:12:00+00:00,2026-06-05 19:12:00+00:00,119255.32507025,122073.62329412,118300.12251392,120541.4409595,20122346
2026-06-06 00:00:00+00:00,2026-06-06 22:31:00+00:00,2026-06-06 19:20:00+00:00,120623.13763891,122694.36298471,115632.1659022,117506.99718728,20123324
2026-06-07 00:00:00+00:00,2026-06-07 14:09:00+00:00,2026-06-07 06:28:00+00:00,117149.86021947,120616.26757992,115432.61129806,119300.55605068,20124302
2026-06-08 00:00:00+00:00,2026-06-08 21:31:00+00:00,2026-06-08 18:56:00+00:00,119431.903152,121578.10122474,113898.53328292,117929.45986963,20125280
2026-06-09 00:00:00+00:00,2026-06-09 12:18:00+00:00,2026-06-09 00:40:00+00:00,117932.66935223,121112.80060816,114517.01741297,116238.35880585,20126258
2026-06-10 00:00:00+00:00,2026-06-10 20:38:00+00:00,2026-06-10 04:49:00+00:00,116137.27254936,118596.68775041,113096.25101104,115388.87892474,20127236
2026-06-11 00:00:00+00:00,2026-06-11 17:20:00+00:00,2026-06-11 00:27:00+00:00,115417.17323462,117307.12947057,108575.08698442,111519.55912342,20128214
2026-06-12 00:00:00+00:00,2026-06-12 21:13:00+00:00,2026-06-12 09:11:00+00:00,111737.71494922,113047.67092935,109002.83759165,111554.28435917,20129192
2026-06-13 00:00:00+00:00,2026-06-13 22:01:00+00:00,2026-06-13 18:39:00+00:00,111676.81496122,112935.84284328,110145.05033205,111156.60319881,20130170
2026-06-14 00:00:00+00:00,2026-06-14 15:46:00+00:00,2026-06-14 00:06:00+00:00,111148.8753338,116906.03314192,108882.759775,114259.92988332,20131148
2026-06-15 00:00:00+00:00,2026-06-15 10:12:00+00:00,2026-06-15 08:07:00+00:00,114202.28438287,117174.9215072,112501.18611959,114020.27802338,20132126
2026-06-16 00:00:00+00:00,2026-06-16 14:31:00+00:00,2026-06-16 09:23:00+00:00,113983.40186835,117546.64469161,111311.55419077,113748.6161019,20133104
2026-06-17 00:00:00+00:00,2026-06-17 15:23:00+00:00,2026-06-17 06:48:00+00:00,113745.65364219,114846.25236653,110411.96293449,112032.63712632,20134082
2026-06-18 00:00:00+00:00,2026-06-18 15:15:00+00:00,2026-06-18 03:38:00+00:00,112169.46250713,114689.07763177,108007.59335599,110563.05213504,20135060
2026-06-19 00:00:00+00:00,2026-06-19 14:23:00+00:00,2026-06-19 07:47:00+00:00,110874.05587995,113143.54836627,108421.44402821,109933.53788611,20136038
2026-06-20 00:00:00+00:00,2026-06-20 23:34:00+00:00,2026-06-20 16:17:00+00:00,110302.61847725,112416.63640117,107435.09271558,109795.84353598,20137016
2026-06-21 00:00:00+00:00,2026-06-21 15:19:00+00:00,2026-06-21 11:32:00+00:00,110073.10141468,113266.055895,107988.26282813,110855.10822312,20137994
2026-06-22 00:00:00+00:00,2026-06-22 14:36:00+00:00,2026-06-22 02:40:00+00:00,110799.53796401,113166.45968557,105528.41697027,108668.50015262,20138972
2026-06-23 00:00:00+00:00,2026-06-23 18:38:00+00:00,2026-06-23 08:58:00+00:00,108688.0637193,114141.57920835,106308.9864485,111289.84143482,20139950
2026-06-24 00:00:00+00:00,2026-06-24 17:51:00+00:00,2026-06-24 11:05:00+00:00,110976.58431551,112813.08965925,109093.6438196,110416.23984977,20140928
2026-06-25 00:00:00+00:00,2026-06-25 19:49:00+00:00,2026-06-25 14:16:00+00:00,110246.93706042,114988.37992864,108408.48241804,113195.39112673,20141906
2026-06-26 00:00:00+00:00,2026-06-26 19:47:00+00:00,2026-06-26 01:03:00+00:00,112951.96255211,114481.16101292,110132.36440378,111278.5655199,20142884
2026-06-27 00:00:00+00:00,2026-06-27 15:11:00+00:00,2026-06-27 02:20:00+00:00,111362.73163047,112743.16608498,109823.37977032,110633.14683345,20143862
2026-06-28 00:00:00+00:00,2026-06-28 17:22:00+00:00,2026-06-28 14:20:00+00:00,110677.47653237,111734.99948906,106811.00893527,107725.15761981,20144840
2026-06-29 00:00:00+00:00,2026-06-29 21:21:00+00:00,2026-06-29 02:27:00+00:00,107737.66714069,109615.52480119,105646.72600892,108135.3667895,20145818
2026-06-30 00:00:00+00:00,2026-06-30 17:56:00+00:00,2026-06-30 03:04:00+00:00,108027.8940394,112045.30714486,104514.04865258,108882.95629187,20146796
2026-07-01 00:00:00+00:00,2026-07-01 19:49:00+00:00,2026-07-01 18:01:00+00:00,108435.75514506,110288.96325524,106368.87222371,108302.81318474,20147774
2026-07-02 00:00:00+00:00,2026-07-02 16:18:00+00:00,2026-07-02 06:41:00+00:00,107998.47485768,110511.06153267,106045.07935421,109215.15264827,20148752
2026-07-03 00:00:00+00:00,2026-07-03 17:03:00+00:00,2026-07-03 10:01:00+00:00,108885.34049971,110661.90874943,106529.00475284,108453.89708015,20149730
2026-07-04 00:00:00+00:00,2026-07-04 21:18:00+00:00,2026-07-04 20:03:00+00:00,108431.45663671,111003.07940541,106031.12010753,107925.66819631,20150708
2026-07-05 00:00:00+00:00,2026-07-05 08:44:00+00:00,2026-07-05 06:49:00+00:00,107882.60486708,109270.06336843,105155.07112147,107291.4417561,20151686
2026-07-06 00:00:00+00:00,2026-07-06 19:03:00+00:00,2026-07-06 18:49:00+00:00,107640.01792075,111685.71754531,106413.87627078,109213.40686063,20152664
2026-07-07 00:00:00+00:00,2026-07-07 05:58:00+00:00,2026-07-07 02:56:00+00:00,109414.54573311,111555.19487883,105607.00158647,108770.30806924,20153642
2026-07-08 00:00:00+00:00,2026-07-08 10:32:00+00:00,2026-07-08 07:50:00+00:00,108878.85175771,113684.358349,107893.69534094,111725.48109904,20154620
2026-07-09 00:00:00+00:00,2026-07-09 15:44:00+00:00,2026-07-09 15:09:00+00:00,111651.31503119,112799.8645084,106785.3466496,108956.92307332,20155598
2026-07-10 00:00:00+00:00,2026-07-10 16:26:00+00:00,2026-07-10 13:57:00+00:00,109060.66329114,110572.85477897,108219.18839068,109509.44753473,20156576
2026-07-11 00:00:00+00:00,2026-07-11 16:38:00+00:00,2026-07-11 11:37:00+00:00,109303.23168175,111920.00073703,105508.90497821,107415.11696243,20157554
2026-07-12 00:00:00+00:00,2026-07-12 18:56:00+00:00,2026-07-12 16:11:00+00:00,107260.60641113,108455.0280432,103870.52408079,105313.73827758,20158532
2026-07-13 00:00:00+00:00,2026-07-13 05:36:00+00:00,2026-07-13 05:10:00+00:00,105506.89311689,106836.41816397,103893.72474543,105357.76390039,20159510
2026-07-14 00:00:00+00:00,2026-07-14 21:22:00+00:00,2026-07-14 06:15:00+00:00,105549.76175272,107371.21510418,102603.86748983,103765.57578213,20160488
2026-07-15 00:00:00+00:00,2026-07-15 13:32:00+00:00,2026-07-15 10:31:00+00:00,103666.31756738,109287.00811379,102022.63735409,106561.13408708,20161466
2026-07-16 00:00:00+00:00,2026-07-16 23:00:00+00:00,2026-07-16 14:50:00+00:00,106455.0042144,108506.43055898,102760.32180495,104627.49990691,20162444
2026-07-17 00:00:00+00:00,2026-07-17 19:25:00+00:00,2026-07-17 05:47:00+00:00,105136.12922792,107175.93535384,103765.73911646,106485.97148419,20163422
2026-07-18 00:00:00+00:00,2026-07-18 14:04:00+00:00,2026-07-18 09:10:00+00:00,106571.42955428,108416.04007652,103980.17766086,105058.29397228,20164400
2026-07-19 00:00:00+00:00,2026-07-19 17:17:00+00:00,2026-07-19 11:38:00+00:00,105258.8037174,106741.22052917,102795.33707942,104994.13616856,20165378
2026-07-20 00:00:00+00:00,2026-07-20 17:20:00+00:00,2026-07-20 15:41:00+00:00,105491.91725114,108367.63133246,101111.19794874,103311.39937947,20166356
2026-07-21 00:00:00+00:00,2026-07-21 20:07:00+00:00,2026-07-21 17:56:00+00:00,103141.21949649,106591.95182492,101812.04706458,105621.76877519,20167334
2026-07-22 00:00:00+00:00,2026-07-22 17:57:00+00:00,2026-07-22 10:27:00+00:00,105610.16288911,107933.89426569,103643.49409744,105505.66459616,20168312
2026-07-23 00:00:00+00:00,2026-07-23 20:18:00+00:00,2026-07-23 19:56:00+00:00,105284.94657609,107702.39070171,103657.28590798,106737.91874677,20169290
2026-07-24 00:00:00+00:00,2026-07-24 19:01:00+00:00,2026-07-24 18:56:00+00:00,106693.93147821,107871.61230648,104685.78599955,105705.1182132,20170268
2026-07-25 00:00:00+00:00,2026-07-25 13:43:00+00:00,2026-07-25 03:33:00+00:00,106102.83250195,109478.34003823,103553.5943446,106950.19051481,20171246
2026-07-26 00:00:00+00:00,2026-07-26 15:49:00+00:00,2026-07-26 14:13:00+00:00,107398.57110379,108378.6528326,104023.4233442,105768.64266541,20172224
2026-07-27 00:00:00+00:00,2026-07-27 04:27:00+00:00,2026-07-27 00:05:00+00:00,106113.56773291,108750.00888868,102575.99978769,105024.58667973,20173202
2026-07-28 00:00:00+00:00,2026-07-28 20:58:00+00:00,2026-07-28 19:21:00+00:00,105122.10947925,107421.45197489,99687.94145687,101685.11718601,20174180
2026-07-29 00:00:00+00:00,2026-07-29 06:57:00+00:00,2026-07-29 06:27:00+00:00,101544.09248176,103972.72868609,99814.52509633,102483.16482424,20175158
2026-07-30 00:00:00+00:00,2026-07-30 17:26:00+00:00,2026-07-30 13:14:00+00:00,102579.48097764,103989.06885654,99008.43197515,101514.8849582,20176136
2026-07-31 00:00:00+00:00,2026-07-31 19:14:00+00:00,2026-07-31 00:27:00+00:00,101324.64058503,104951.70983458,99540.0909349,103763.62470756,20177114
2026-08-01 00:00:00+00:00,2026-08-01 18:10:00+00:00,2026-08-01 04:06:00+00:00,104265.31334661,105046.46314042,101913.55126053,103263.90188107,20178092
2026-08-02 00:00:00+00:00,2026-08-02 18:27:00+00:00,2026-08-02 00:17:00+00:00,103978.04995162,105759.28779399,99638.6596727,101985.71265531,20179070
2026-08-03 00:00:00+00:00,2026-08-03 23:00:00+00:00,2026-08-03 19:00:00+00:00,102035.4698616,105576.11405257,100231.27798373,103878.50827346,20180048
2026-08-04 00:00:00+00:00,2026-08-04 14:42:00+00:00,2026-08-04 06:12:00+00:00,103822.74935991,105849.11652233,101669.97760472,103691.33805296,20181026
2026-08-05 00:00:00+00:00,2026-08-05 17:29:00+00:00,2026-08-05 15:27:00+00:00,103662.77223511,107252.56452644,102195.19731425,105738.06295191,20182004
2026-08-06 00:00:00+00:00,2026-08-06 17:14:00+00:00,2026-08-06 01:45:00+00:00,105680.18784583,107408.20003001,103534.40869988,106189.36903561,20182982
2026-08-07 00:00:00+00:00,2026-08-07 20:19:00+00:00,2026-08-07 18:17:00+00:00,105951.26442073,109217.53750738,103982.63885759,106481.94662787,20183960
2026-08-08 00:00:00+00:00,2026-08-08 15:18:00+00:00,2026-08-08 01:25:00+00:00,106524.11012822,107261.16217953,105235.4790201,105943.43412334,20184938
2026-08-09 00:00:00+00:00,2026-08-09 14:09:00+00:00,2026-08-09 04:09:00+00:00,105699.3774154,107275.10043659,103939.52714969,104726.21734852,20185916
2026-08-10 00:00:00+00:00,2026-08-10 18:48:00+00:00,2026-08-10 09:52:00+00:00,104570.27230676,109663.40315977,102935.34050141,106970.06008023,20186894
2026-08-11 00:00:00+00:00,2026-08-11 23:46:00+00:00,2026-08-11 17:20:00+00:00,107310.06146374,109998.7977105,103286.7834291,104821.04979914,20187872
2026-08-12 00:00:00+00:00,2026-08-12 20:46:00+00:00,2026-08-12 20:05:00+00:00,105053.06245749,108408.57794491,102643.44340268,106673.9727237,20188850
2026-08-13 00:00:00+00:00,2026-08-13 22:07:00+00:00,2026-08-13 17:21:00+00:00,106655.91654946,109690.34810547,104016.3474985,105931.89835573,20189828
2026-08-14 00:00:00+00:00,2026-08-14 21:51:00+00:00,2026-08-14 06:36:00+00:00,105863.75529428,109633.08167389,104198.81348883,106800.80931702,20190806
2026-08-15 00:00:00+00:00,2026-08-15 23:12:00+00:00,2026-08-15 06:33:00+00:00,107124.25935049,109859.92142363,105486.08122014,107911.58847869,20191784
2026-08-16 00:00:00+00:00,2026-08-16 21:46:00+00:00,2026-08-16 04:23:00+00:00,108030.8940799,110683.9231628,102577.26693998,105044.31372439,20192762
2026-08-17 00:00:00+00:00,2026-08-17 13:45:00+00:00,2026-08-17 01:45:00+00:00,105129.34104621,107882.40014712,103620.35684085,106639.27162857,20193740
2026-08-18 00:00:00+00:00,2026-08-18 20:12:00+00:00,2026-08-18 04:47:00+00:00,106388.93771754,107595.56325249,103534.96479434,105448.32043766,20194718
2026-08-19 00:00:00+00:00,2026-08-19 18:52:00+00:00,2026-08-19 13:16:00+00:00,106033.51267022,107252.18510682,103140.51084995,104197.32659704,20195696
2026-08-20 00:00:00+00:00,2026-08-20 14:36:00+00:00,2026-08-20 00:01:00+00:00,103650.60430089,105378.32558311,102661.12455519,104208.52387699,20196674
2026-08-21 00:00:00+00:00,2026-08-21 19:35:00+00:00,2026-08-21 01:34:00+00:00,104373.7766752,106834.71525641,99382.26726212,101826.06431486,20197652
2026-08-22 00:00:00+00:00,2026-08-22 20:01:00+00:00,2026-08-22 00:33:00+00:00,101745.94262021,106909.23130876,100108.96067439,105461.15662894,20198630
2026-08-23 00:00:00+00:00,2026-08-23 14:16:00+00:00,2026-08-23 10:29:00+00:00,105606.43425583,107646.11241053,100558.72776421,102640.06442931,20199608
2026-08-24 00:00:00+00:00,2026-08-24 14:03:00+00:00,2026-08-24 10:07:00+00:00,102757.66392222,106028.22648339,101100.09400927,104402.92528498,20200586
2026-08-25 00:00:00+00:00,2026-08-25 15:44:00+00:00,2026-08-25 06:27:00+00:00,104173.24943057,106209.40886579,98644.07733365,101178.25714275,20201564
2026-08-26 00:00:00+00:00,2026-08-26 06:03:00+00:00,2026-08-26 01:06:00+00:00,101402.43091348,102439.13613877,99554.02830341,101421.5154984,20202542
2026-08-27 00:00:00+00:00,2026-08-27 14:28:00+00:00,2026-08-27 11:39:00+00:00,101528.27827903,103601.39491669,100155.26703074,102529.9027233,20203520
2026-08-28 00:00:00+00:00,2026-08-28 15:30:00+00:00,2026-08-28 12:20:00+00:00,102484.80710103,104350.66232068,99457.48791709,101768.71033037,20204498
2026-08-29 00:00:00+00:00,2026-08-29 17:20:00+00:00,2026-08-29 06:48:00+00:00,101705.25465067,104247.5807657,100267.67139046,103587.01454424,20205476
2026-08-30 00:00:00+00:00,2026-08-30 18:42:00+00:00,2026-08-30 02:56:00+00:00,103326.20701161,105468.16349121,98679.68358168,101727.67135743,20206454
2026-08-31 00:00:00+00:00,2026-08-31 19:11:00+00:00,2026-08-31 01:58:00+00:00,101631.79459907,106394.61744937,99968.66226848,105354.86241217,20207432
2026-09-01 00:00:00+00:00,2026-09-01 20:33:00+00:00,2026-09-01 14:09:00+00:00,105449.31184327,107538.77095463,101079.58433782,102450.40299361,20208410
2026-09-02 00:00:00+00:00,2026-09-02 11:12:00+00:00,2026-09-02 07:18:00+00:00,102263.15626559,108080.75457059,99636.76288342,104599.34025681,20209388
2026-09-03 00:00:00+00:00,2026-09-03 21:36:00+00:00,2026-09-03 13:49:00+00:00,104668.27229075,106062.18314225,99982.70415617,102538.16536492,20210366
2026-09-04 00:00:00+00:00,2026-09-04 19:30:00+00:00,2026-09-04 11:52:00+00:00,102667.92951801,107368.20550564,101132.28497369,105408.94739402,20211344
2026-09-05 00:00:00+00:00,2026-09-05 19:42:00+00:00,2026-09-05 03:16:00+00:00,105585.141224,107626.21053301,100450.73173571,102066.18447023,20212322
2026-09-06 00:00:00+00:00,2026-09-06 16:21:00+00:00,2026-09-06 04:35:00+00:00,102018.72685108,106615.396874,100325.10531955,104639.95595363,20213300
2026-09-07 00:00:00+00:00,2026-09-07 23:07:00+00:00,2026-09-07 15:20:00+00:00,104596.66699841,107402.61976731,100672.78047851,102029.32986953,20214278
2026-09-08 00:00:00+00:00,2026-09-08 18:45:00+00:00,2026-09-08 04:39:00+00:00,101885.2932536,105159.90661911,101209.70886074,104224.03621897,20215256
2026-09-09 00:00:00+00:00,2026-09-09 18:43:00+00:00,2026-09-09 17:42:00+00:00,104414.73270288,106078.93866706,101633.71310066,103062.11713282,20216234
2026-09-10 00:00:00+00:00,2026-09-10 15:11:00+00:00,2026-09-10 04:19:00+00:00,102668.26641012,105167.91366824,100257.2941058,103193.86949647,20217212
2026-09-11 00:00:00+00:00,2026-09-11 23:33:00+00:00,2026-09-11 14:52:00+00:00,103198.59658678,105075.47861063,98267.48319583,100430.88372664,20218190
2026-09-12 00:00:00+00:00,2026-09-12 17:10:00+00:00,2026-09-12 14:13:00+00:00,100466.8613076,105480.74808341,98625.36562936,102599.56627948,20219168
2026-09-13 00:00:00+00:00,2026-09-13 14:54:00+00:00,2026-09-13 09:13:00+00:00,102920.60650217,105694.0349938,97015.6885285,98779.2572678,20220146
2026-09-14 00:00:00+00:00,2026-09-14 21:51:00+00:00,2026-09-14 21:21:00+00:00,98571.45896222,103318.17943134,96892.85170833,102501.03820601,20221124
2026-09-15 00:00:00+00:00,2026-09-15 18:18:00+00:00,2026-09-15 04:25:00+00:00,102500.92210996,104387.72900769,100383.12500509,101813.59723696,20222102
2026-09-16 00:00:00+00:00,2026-09-16 20:38:00+00:00,2026-09-16 08:12:00+00:00,101505.63773788,107813.63985439,99838.11113842,105538.55263627,20223080
2026-09-17 00:00:00+00:00,2026-09-17 14:38:00+00:00,2026-09-17 11:06:00+00:00,105727.42089941,107566.73139801,103355.97297114,105023.60443986,20224058
2026-09-18 00:00:00+00:00,2026-09-18 19:02:00+00:00,2026-09-18 16:21:00+00:00,104925.90898287,107777.45889211,102562.47553824,105955.4966964,20225036
2026-09-19 00:00:00+00:00,2026-09-19 16:24:00+00:00,2026-09-19 00:43:00+00:00,106333.166029,108885.58829417,103608.38339928,105930.62846809,20226014
2026-09-20 00:00:00+00:00,2026-09-20 16:53:00+00:00,2026-09-20 11:26:00+00:00,106088.82806107,109500.9915399,103050.45458359,105824.7621851,20226992
2026-09-21 00:00:00+00:00,2026-09-21 15:36:00+00:00,2026-09-21 04:42:00+00:00,105615.83971447,107079.45693495,101002.50676686,103857.33575158,20227970
2026-09-22 00:00:00+00:00,2026-09-22 06:29:00+00:00,2026-09-22 05:24:00+00:00,103801.60155522,109118.46405738,102072.44849062,106599.45981226,20228948
2026-09-23 00:00:00+00:00,2026-09-23 19:21:00+00:00,2026-09-23 08:55:00+00:00,107020.20042623,108793.85507665,101090.31487686,103826.75647854,20229926
2026-09-24 00:00:00+00:00,2026-09-24 19:11:00+00:00,2026-09-24 01:30:00+00:00,104183.24148859,107557.50281752,102324.39783894,105533.78023183,20230904
2026-09-25 00:00:00+00:00,2026-09-25 16:03:00+00:00,2026-09-25 06:19:00+00:00,105434.30003348,106514.46772339,102097.65887131,103186.73014878,20231882
2026-09-26 00:00:00+00:00,2026-09-26 21:53:00+00:00,2026-09-26 18:50:00+00:00,103152.77788213,104209.54329673,101599.80629157,103026.10794034,20232860
2026-09-27 00:00:00+00:00,2026-09-27 10:42:00+00:00,2026-09-27 01:00:00+00:00,102873.01843326,104145.86006018,98879.63893624,99848.54611513,20233838
2026-09-28 00:00:00+00:00,2026-09-28 18:33:00+00:00,2026-09-28 06:11:00+00:00,100195.07726929,101651.64599646,97703.78346724,99852.7117701,20234816
2026-09-29 00:00:00+00:00,2026-09-29 17:01:00+00:00,2026-09-29 10:12:00+00:00,100121.64748572,103199.27998108,97868.31888296,100886.14950403,20235794
2026-09-30 00:00:00+00:00,2026-09-30 15:08:00+00:00,2026-09-30 07:10:00+00:00,100603.56003345,104631.29136655,98290.24694446,103005.57740934,20236772
2026-10-01 00:00:00+00:00,2026-10-01 21:34:00+00:00,2026-10-01 20:10:00+00:00,103295.76633437,105223.03731944,102404.4888983,103677.48114579,20237750
2026-10-02 00:00:00+00:00,2026-10-02 15:16:00+00:00,2026-10-02 03:20:00+00:00,104003.88497821,108933.72663444,101454.96365561,106567.53179278,20238728
2026-10-03 00:00:00+00:00,2026-10-03 21:43:00+00:00,2026-10-03 01:07:00+00:00,106569.87202083,107526.56068487,102046.32117469,103862.24809478,20239706
2026-10-04 00:00:00+00:00,2026-10-04 17:45:00+00:00,2026-10-04 15:47:00+00:00,103687.08399186,105307.64324372,101334.51274823,104048.43486604,20240684
2026-10-05 00:00:00+00:00,2026-10-05 19:29:00+00:00,2026-10-05 18:39:00+00:00,103813.81297043,105096.61978984,100664.10992475,102330.7029524,20241662
2026-10-06 00:00:00+00:00,2026-10-06 18:51:00+00:00,2026-10-06 13:59:00+00:00,102272.7360212,105627.34080434,101171.69176513,104209.32734857,20242640
2026-10-07 00:00:00+00:00,2026-10-07 18:22:00+00:00,2026-10-07 02:46:00+00:00,104345.19635875,108184.42284831,102621.98024357,105070.76482342,20243618
2026-10-08 00:00:00+00:00,2026-10-08 06:51:00+00:00,2026-10-08 04:09:00+00:00,104975.76402588,108728.64045528,103264.44958744,107855.46951975,20244596
2026-10-09 00:00:00+00:00,2026-10-09 20:47:00+00:00,2026-10-09 17:10:00+00:00,108537.05737619,111105.27409406,103783.42539077,106368.82666897,20245574
2026-10-10 00:00:00+00:00,2026-10-10 17:33:00+00:00,2026-10-10 06:31:00+00:00,106152.65908045,107502.59311852,104963.81208748,106336.49132853,20246552
2026-10-11 00:00:00+00:00,2026-10-11 20:56:00+00:00,2026-10-11 01:35:00+00:00,106417.21825153,108809.3723889,102567.68951608,103936.37493506,20247530
2026-10-12 00:00:00+00:00,2026-10-12 20:09:00+00:00,2026-10-12 04:43:00+00:00,104558.42135944,106494.97800264,103216.09045112,105167.51557984,20248508
2026-10-13 00:00:00+00:00,2026-10-13 16:15:00+00:00,2026-10-13 15:17:00+00:00,105280.59629479,108885.23309668,102871.24255893,105681.63138386,20249486
2026-10-14 00:00:00+00:00,2026-10-14 19:06:00+00:00,2026-10-14 07:43:00+00:00,105649.67567578,110065.82811068,104405.54683215,108945.39121096,20250464
2026-10-15 00:00:00+00:00,2026-10-15 18:31:00+00:00,2026-10-15 01:48:00+00:00,108732.71832598,109771.01809314,106766.52917181,108821.46320929,20251442
2026-10-16 00:00:00+00:00,2026-10-16 09:26:00+00:00,2026-10-16 01:31:00+00:00,108739.81210376,113081.03141182,106753.50891589,111691.80095481,20252420
2026-10-17 00:00:00+00:00,2026-10-17 17:40:00+00:00,2026-10-17 01:19:00+00:00,111913.36459328,113656.79219819,109219.04529894,110972.77381823,20253398
2026-10-18 00:00:00+00:00,2026-10-18 23:57:00+00:00,2026-10-18 11:06:00+00:00,111069.96085145,115365.39193148,109765.72281952,112781.78874587,20254376
2026-10-19 00:00:00+00:00,2026-10-19 21:11:00+00:00,2026-10-19 19:26:00+00:00,112886.64401059,115675.3359841,111989.33154737,114545.26569033,20255354
2026-10-20 00:00:00+00:00,2026-10-20 14:12:00+00:00,2026-10-20 06:46:00+00:00,114661.56635857,118650.36217545,113236.97045746,116140.51732035,20256332
2026-10-21 00:00:00+00:00,2026-10-21 19:30:00+00:00,2026-10-21 18:42:00+00:00,116098.49656417,117863.19275192,114576.6174074,115486.50507286,20257310
2026-10-22 00:00:00+00:00,2026-10-22 19:16:00+00:00,2026-10-22 01:00:00+00:00,115112.43791467,116451.83986715,112117.36420914,114439.96594644,20258288
2026-10-23 00:00:00+00:00,2026-10-23 16:08:00+00:00,2026-10-23 04:37:00+00:00,114456.52370076,118144.84259167,110260.35668619,113517.3746433,20259266
2026-10-24 00:00:00+00:00,2026-10-24 22:08:00+00:00,2026-10-24 05:04:00+00:00,113912.21571513,116676.24996741,111269.3622987,112831.38455115,20260244
2026-10-25 00:00:00+00:00,2026-10-25 16:06:00+00:00,2026-10-25 03:06:00+00:00,112798.67776974,117362.16312304,111427.69507397,116327.50622509,20261222
2026-10-26 00:00:00+00:00,2026-10-26 19:41:00+00:00,2026-10-26 00:23:00+00:00,116412.75596367,118443.49291006,114619.3600411,115608.21400279,20262200
2026-10-27 00:00:00+00:00,2026-10-27 14:19:00+00:00,2026-10-27 04:38:00+00:00,115924.85898735,120067.07152399,114351.1744687,117955.04036134,20263178
2026-10-28 00:00:00+00:00,2026-10-28 07:41:00+00:00,2026-10-28 05:57:00+00:00,117979.48292391,120313.90980062,113549.97597309,116012.24036687,20264156
2026-10-29 00:00:00+00:00,2026-10-29 15:49:00+00:00,2026-10-29 06:43:00+00:00,115659.28219735,119155.43734666,114337.48428668,117662.6924473,20265134
2026-10-30 00:00:00+00:00,2026-10-30 14:23:00+00:00,2026-10-30 13:24:00+00:00,117227.30495997,120278.39206623,112271.40421464,115843.65702821,20266112
2026-10-31 00:00:00+00:00,2026-10-31 20:14:00+00:00,2026-10-31 14:51:00+00:00,116016.22316481,119682.06395765,113483.94136324,117415.30933786,20267090
2026-11-01 00:00:00+00:00,2026-11-01 14:38:00+00:00,2026-11-01 01:11:00+00:00,117401.44577128,119632.42829467,114900.64526851,117416.78822215,20268068
2026-11-02 00:00:00+00:00,2026-11-02 17:59:00+00:00,2026-11-02 00:48:00+00:00,117137.09315822,118790.98654485,114723.70212364,115688.82880083,20269046
2026-11-03 00:00:00+00:00,2026-11-03 15:24:00+00:00,2026-11-03 03:28:00+00:00,115648.32201733,120823.45020106,112702.18099803,117363.25890192,20270024
2026-11-04 00:00:00+00:00,2026-11-04 21:10:00+00:00,2026-11-04 02:00:00+00:00,117444.10020914,118751.57234773,112857.12518411,114469.9695759,20271002
2026-11-05 00:00:00+00:00,2026-11-05 16:57:00+00:00,2026-11-05 08:04:00+00:00,114678.37091099,121116.52337408,112900.39758649,117985.72626612,20271980
2026-11-06 00:00:00+00:00,2026-11-06 17:33:00+00:00,2026-11-06 05:12:00+00:00,117835.12927834,120004.19179636,113923.78442036,115697.13189854,20272958
2026-11-07 00:00:00+00:00,2026-11-07 19:35:00+00:00,2026-11-07 04:04:00+00:00,115861.9589913,120168.83752959,113736.06917082,118250.31392022,20273936
2026-11-08 00:00:00+00:00,2026-11-08 16:28:00+00:00,2026-11-08 06:28:00+00:00,117920.24267974,120103.44673234,115545.04172503,118338.44855448,20274914
2026-11-09 00:00:00+00:00,2026-11-09 16:58:00+00:00,2026-11-09 12:41:00+00:00,118697.27337606,119933.48582256,115453.54835385,118002.43120052,20275892
2026-11-10 00:00:00+00:00,2026-11-10 21:29:00+00:00,2026-11-10 15:12:00+00:00,118138.99007883,121848.26344739,114439.94150435,119632.74697409,20276870
2026-11-11 00:00:00+00:00,2026-11-11 23:41:00+00:00,2026-11-11 14:42:00+00:00,119741.38264667,123065.52978002,116068.31336004,119162.06106043,20277848
2026-11-12 00:00:00+00:00,2026-11-12 22:07:00+00:00,2026-11-12 17:41:00+00:00,118960.81473592,122256.0045778,116566.08611969,119105.43752409,20278826
2026-11-13 00:00:00+00:00,2026-11-13 18:42:00+00:00,2026-11-13 01:55:00+00:00,119421.48341465,123116.18614991,114757.14822438,117816.14765149,20279804
2026-11-14 00:00:00+00:00,2026-11-14 04:16:00+00:00,2026-11-14 00:48:00+00:00,117290.37805496,120536.60558803,114982.89159225,117141.27121035,20280782
2026-11-15 00:00:00+00:00,2026-11-15 21:00:00+00:00,2026-11-15 20:46:00+00:00,116843.99041531,119415.56743549,115190.498664,118154.7414624,20281760
2026-11-16 00:00:00+00:00,2026-11-16 22:43:00+00:00,2026-11-16 15:41:00+00:00,117986.6644549,123208.72957509,115560.87292045,120353.58312484,20282738
2026-11-17 00:00:00+00:00,2026-11-17 10:55:00+00:00,2026-11-17 07:40:00+00:00,120156.72471476,123506.32199991,119225.06103301,121911.07592241,20283716
2026-11-18 00:00:00+00:00,2026-11-18 19:27:00+00:00,2026-11-18 08:34:00+00:00,121410.35613346,122893.88772167,119929.782557,121060.72522722,20284694
2026-11-19 00:00:00+00:00,2026-11-19 22:03:00+00:00,2026-11-19 07:40:00+00:00,120947.44012152,125995.38951469,117322.64310548,123628.15340641,20285672
2026-11-20 00:00:00+00:00,2026-11-20 19:32:00+00:00,2026-11-20 05:21:00+00:00,123569.52300976,125105.18685776,119656.0233486,121167.13326104,20286650
2026-11-21 00:00:00+00:00,2026-11-21 14:35:00+00:00,2026-11-21 03:43:00+00:00,121059.76318697,124055.63910666,119671.22181081,122723.07593468,20287628
2026-11-22 00:00:00+00:00,2026-11-22 18:10:00+00:00,2026-11-22 16:11:00+00:00,122458.6004389,124264.00468478,119804.27150436,120797.80735948,20288606
2026-11-23 00:00:00+00:00,2026-11-23 22:11:00+00:00,2026-11-23 19:42:00+00:00,120781.33798788,123878.13168971,117825.70899003,120615.65603004,20289584
2026-11-24 00:00:00+00:00,2026-11-24 19:35:00+00:00,2026-11-24 03:58:00+00:00,120162.98582963,125721.26437341,118446.07866701,122430.27664296,20290562
2026-11-25 00:00:00+00:00,2026-11-25 18:21:00+00:00,2026-11-25 07:49:00+00:00,122447.81362085,125201.94596713,119413.03771823,121516.43533891,20291540
2026-11-26 00:00:00+00:00,2026-11-26 17:11:00+00:00,2026-11-26 12:03:00+00:00,121407.36961757,127645.75445338,119649.85032689,125471.31703353,20292518
2026-11-27 00:00:00+00:00,2026-11-27 22:54:00+00:00,2026-11-27 03:10:00+00:00,125570.02505921,127371.69210077,122131.7330226,124002.77718299,20293496
2026-11-28 00:00:00+00:00,2026-11-28 18:39:00+00:00,2026-11-28 15:09:00+00:00,124093.87758916,127335.23830512,121740.71914708,125742.29566778,20294474
2026-11-29 00:00:00+00:00,2026-11-29 20:10:00+00:00,2026-11-29 16:33:00+00:00,125941.40480942,128677.92281063,122191.02524516,124152.04855351,20295452
2026-11-30 00:00:00+00:00,2026-11-30 14:11:00+00:00,2026-11-30 05:11:00+00:00,124429.96722422,126345.07281915,120630.26914301,122963.56873208,20296430
2026-12-01 00:00:00+00:00,2026-12-01 16:56:00+00:00,2026-12-01 03:34:00+00:00,123330.16206149,125021.74511425,120833.79961126,123104.19156781,20297408
2026-12-02 00:00:00+00:00,2026-12-02 18:20:00+00:00,2026-12-02 02:10:00+00:00,123120.93395501,125774.49389844,119161.11002483,121226.89188028,20298386
2026-12-03 00:00:00+00:00,2026-12-03 17:44:00+00:00,2026-12-03 15:29:00+00:00,121144.43789382,126265.45034485,119725.30836375,124740.36796045,20299364
2026-12-04 00:00:00+00:00,2026-12-04 19:29:00+00:00,2026-12-04 02:27:00+00:00,124094.02202658,127441.91064111,122156.70287135,124216.28433904,20300342
2026-12-05 00:00:00+00:00,2026-12-05 01:22:00+00:00,2026-12-05 00:25:00+00:00,123990.07132346,129801.136836,120812.42081843,127077.43332379,20301320
2026-12-06 00:00:00+00:00,2026-12-06 22:14:00+00:00,2026-12-06 16:38:00+00:00,127194.05606862,130090.99680165,124743.84423392,127031.40891159,20302298
2026-12-07 00:00:00+00:00,2026-12-07 23:49:00+00:00,2026-12-07 06:47:00+00:00,127269.21042555,129857.39945128,122571.8677479,125333.97866927,20303276
2026-12-08 00:00:00+00:00,2026-12-08 11:33:00+00:00,2026-12-08 04:26:00+00:00,125011.68112639,126800.58622755,122420.21458617,125255.17831028,20304254
2026-12-09 00:00:00+00:00,2026-12-09 16:14:00+00:00,2026-12-09 03:42:00+00:00,125150.46632894,129291.81756661,122989.79996966,126103.11881635,20305232
2026-12-10 00:00:00+00:00,2026-12-10 23:31:00+00:00,2026-12-10 15:58:00+00:00,126429.01968589,129188.35160115,123241.34101251,125256.54203295,20306210
2026-12-11 00:00:00+00:00,2026-12-11 21:15:00+00:00,2026-12-11 07:19:00+00:00,125466.05347066,128606.8142399,121072.25137967,126519.84915441,20307188
2026-12-12 00:00:00+00:00,2026-12-12 19:34:00+00:00,2026-12-12 16:28:00+00:00,126300.06376247,127598.23669617,124268.39402223,125747.04955607,20308166
2026-12-13 00:00:00+00:00,2026-12-13 15:49:00+00:00,2026-12-13 14:24:00+00:00,125437.01729906,127818.83940646,123168.96413384,125645.74343933,20309144
2026-12-14 00:00:00+00:00,2026-12-14 16:39:00+00:00,2026-12-14 15:58:00+00:00,125586.80811504,129095.38509741,119191.00375325,122611.59457003,20310122
2026-12-15 00:00:00+00:00,2026-12-15 18:58:00+00:00,2026-12-15 00:24:00+00:00,122730.86303662,124335.58259558,120505.96716905,121596.98057233,20311100
2026-12-16 00:00:00+00:00,2026-12-16 17:42:00+00:00,2026-12-16 13:35:00+00:00,121155.54431203,124581.71906818,119424.56166619,123073.37862932,20312078
2026-12-17 00:00:00+00:00,2026-12-17 02:20:00+00:00,2026-12-17 01:37:00+00:00,122886.81797736,124980.09392715,121414.38641076,123385.73101387,20313056
2026-12-18 00:00:00+00:00,2026-12-18 18:25:00+00:00,2026-12-18 04:24:00+00:00,123306.56260607,130276.69467784,119428.3048297,128115.86279433,20314034
2026-12-19 00:00:00+00:00,2026-12-19 16:40:00+00:00,2026-12-19 05:23:00+00:00,128201.40171469,130339.77848912,121246.34539306,124955.99944982,20315012
2026-12-20 00:00:00+00:00,2026-12-20 15:21:00+00:00,2026-12-20 01:45:00+00:00,124669.9270073,129510.37856676,121585.99512973,127979.46742221,20315990
2026-12-21 00:00:00+00:00,2026-12-21 19:39:00+00:00,2026-12-21 02:50:00+00:00,127834.3668715,130831.14547568,123051.98071502,125609.25059954,20316968
2026-12-22 00:00:00+00:00,2026-12-22 15:21:00+00:00,2026-12-22 00:20:00+00:00,125945.11395167,127829.78011078,119784.93380648,123927.1706823,20317946
2026-12-23 00:00:00+00:00,2026-12-23 14:42:00+00:00,2026-12-23 13:40:00+00:00,123509.34445114,127110.54363487,121458.03486988,124901.30319612,20318924
2026-12-24 00:00:00+00:00,2026-12-24 16:11:00+00:00,2026-12-24 00:41:00+00:00,124811.59216697,126443.38082698,123381.04225863,124518.23198533,20319902
2026-12-25 00:00:00+00:00,2026-12-25 17:39:00+00:00,2026-12-25 02:24:00+00:00,124792.88565538,127701.92308973,123138.5826697,126613.51912467,20320880
2026-12-26 00:00:00+00:00,2026-12-26 07:39:00+00:00,2026-12-26 04:19:00+00:00,126718.94006284,130551.8799031,124567.3412961,126610.30695426,20321858
2026-12-27 00:00:00+00:00,2026-12-27 17:45:00+00:00,2026-12-27 15:06:00+00:00,126542.42237683,129736.62634602,123871.62250394,125818.87086542,20322836
2026-12-28 00:00:00+00:00,2026-12-28 15:16:00+00:00,2026-12-28 06:06:00+00:00,125960.72895914,128009.14213115,122926.93983085,125779.81469793,20323814
2026-12-29 00:00:00+00:00,2026-12-29 23:10:00+00:00,2026-12-29 09:17:00+00:00,125829.63558168,127952.22943985,122387.12538168,123920.13569904,20324792
2026-12-30 00:00:00+00:00,2026-12-30 07:45:00+00:00,2026-12-30 04:23:00+00:00,123778.30928616,127373.55922691,120938.20308495,125292.98367099,20325770
2026-12-31 00:00:00+00:00,2026-12-31 20:51:00+00:00,2026-12-31 15:23:00+00:00,125306.91209939,126133.7816589,117982.18634342,119280.18489927,20326748
